filename,label_id,primary_label
XC110257.ogg,5,comrav
XC110324.ogg,5,comrav
XC110331.ogg,5,comrav
XC112544.ogg,5,comrav
XC113616.ogg,5,comrav
XC11556.ogg,5,comrav
XC115767.ogg,5,comrav
XC116979.ogg,5,comrav
XC116983.ogg,5,comrav
XC119597.ogg,5,comrav
XC121414.ogg,5,comrav
XC122382.ogg,5,comrav
XC124410.ogg,5,comrav
XC124411.ogg,5,comrav
XC124413.ogg,5,comrav
XC124414.ogg,5,comrav
XC124416.ogg,5,comrav
XC125485.ogg,5,comrav
XC127296.ogg,5,comrav
XC130433.ogg,5,comrav
XC130898.ogg,5,comrav
XC133922.ogg,5,comrav
XC134518.ogg,5,comrav
XC136131.ogg,5,comrav
XC137046.ogg,5,comrav
XC137826.ogg,5,comrav
XC138437.ogg,5,comrav
XC138702.ogg,5,comrav
XC139025.ogg,5,comrav
XC140810.ogg,5,comrav
XC142509.ogg,5,comrav
XC143170.ogg,5,comrav
XC143435.ogg,5,comrav
XC143436.ogg,5,comrav
XC143619.ogg,5,comrav
XC146343.ogg,5,comrav
XC146802.ogg,5,comrav
XC147252.ogg,5,comrav
XC147527.ogg,5,comrav
XC147748.ogg,5,comrav
XC149157.ogg,5,comrav
XC151623.ogg,5,comrav
XC152520.ogg,5,comrav
XC153308.ogg,5,comrav
XC153940.ogg,5,comrav
XC154376.ogg,5,comrav
XC154513.ogg,5,comrav
XC156774.ogg,5,comrav
XC157318.ogg,5,comrav
XC157667.ogg,5,comrav
XC163613.ogg,5,comrav
XC163615.ogg,5,comrav
XC163643.ogg,5,comrav
XC163644.ogg,5,comrav
XC165407.ogg,5,comrav
XC165815.ogg,5,comrav
XC167827.ogg,5,comrav
XC167910.ogg,5,comrav
XC168257.ogg,5,comrav
XC168909.ogg,5,comrav
XC168911.ogg,5,comrav
XC169295.ogg,5,comrav
XC169598.ogg,5,comrav
XC169999.ogg,5,comrav
XC170400.ogg,5,comrav
XC171696.ogg,5,comrav
XC171883.ogg,5,comrav
XC171884.ogg,5,comrav
XC171886.ogg,5,comrav
XC172619.ogg,5,comrav
XC174593.ogg,5,comrav
XC174594.ogg,5,comrav
XC176260.ogg,5,comrav
XC176932.ogg,5,comrav
XC183028.ogg,5,comrav
XC186315.ogg,5,comrav
XC187475.ogg,5,comrav
XC188381.ogg,5,comrav
XC188462.ogg,5,comrav
XC189032.ogg,5,comrav
XC190128.ogg,5,comrav
XC192226.ogg,5,comrav
XC192227.ogg,5,comrav
XC192229.ogg,5,comrav
XC192230.ogg,5,comrav
XC192237.ogg,5,comrav
XC192239.ogg,5,comrav
XC192247.ogg,5,comrav
XC192253.ogg,5,comrav
XC192804.ogg,5,comrav
XC195205.ogg,5,comrav
XC196071.ogg,5,comrav
XC197024.ogg,5,comrav
XC197025.ogg,5,comrav
XC198252.ogg,5,comrav
XC199732.ogg,5,comrav
XC199733.ogg,5,comrav
XC199736.ogg,5,comrav
XC201341.ogg,5,comrav
XC204424.ogg,5,comrav
XC205111.ogg,5,comrav
XC205528.ogg,5,comrav
XC206307.ogg,5,comrav
XC207803.ogg,5,comrav
XC208552.ogg,5,comrav
XC209295.ogg,5,comrav
XC209766.ogg,5,comrav
XC209767.ogg,5,comrav
XC210861.ogg,5,comrav
XC210862.ogg,5,comrav
XC210864.ogg,5,comrav
XC210865.ogg,5,comrav
XC211044.ogg,5,comrav
XC212616.ogg,5,comrav
XC212912.ogg,5,comrav
XC213233.ogg,5,comrav
XC213774.ogg,5,comrav
XC215579.ogg,5,comrav
XC215818.ogg,5,comrav
XC217404.ogg,5,comrav
XC217405.ogg,5,comrav
XC217619.ogg,5,comrav
XC218146.ogg,5,comrav
XC229922.ogg,5,comrav
XC233980.ogg,5,comrav
XC234576.ogg,5,comrav
XC234578.ogg,5,comrav
XC234579.ogg,5,comrav
XC235407.ogg,5,comrav
XC235408.ogg,5,comrav
XC235576.ogg,5,comrav
XC235624.ogg,5,comrav
XC237692.ogg,5,comrav
XC237693.ogg,5,comrav
XC237694.ogg,5,comrav
XC239552.ogg,5,comrav
XC239557.ogg,5,comrav
XC239648.ogg,5,comrav
XC243359.ogg,5,comrav
XC243628.ogg,5,comrav
XC243689.ogg,5,comrav
XC246425.ogg,5,comrav
XC246426.ogg,5,comrav
XC246427.ogg,5,comrav
XC246428.ogg,5,comrav
XC246430.ogg,5,comrav
XC246432.ogg,5,comrav
XC246433.ogg,5,comrav
XC253133.ogg,5,comrav
XC253810.ogg,5,comrav
XC253953.ogg,5,comrav
XC254322.ogg,5,comrav
XC255135.ogg,5,comrav
XC262905.ogg,5,comrav
XC265074.ogg,5,comrav
XC268320.ogg,5,comrav
XC269469.ogg,5,comrav
XC270324.ogg,5,comrav
XC27147.ogg,5,comrav
XC278922.ogg,5,comrav
XC282681.ogg,5,comrav
XC282931.ogg,5,comrav
XC282932.ogg,5,comrav
XC282934.ogg,5,comrav
XC286373.ogg,5,comrav
XC286414.ogg,5,comrav
XC287158.ogg,5,comrav
XC287163.ogg,5,comrav
XC289859.ogg,5,comrav
XC289862.ogg,5,comrav
XC289864.ogg,5,comrav
XC290211.ogg,5,comrav
XC290293.ogg,5,comrav
XC290423.ogg,5,comrav
XC290424.ogg,5,comrav
XC291964.ogg,5,comrav
XC293940.ogg,5,comrav
XC293941.ogg,5,comrav
XC295272.ogg,5,comrav
XC296250.ogg,5,comrav
XC297333.ogg,5,comrav
XC297334.ogg,5,comrav
XC299490.ogg,5,comrav
XC301025.ogg,5,comrav
XC301671.ogg,5,comrav
XC302278.ogg,5,comrav
XC305061.ogg,5,comrav
XC306890.ogg,5,comrav
XC306896.ogg,5,comrav
XC306902.ogg,5,comrav
XC306906.ogg,5,comrav
XC306924.ogg,5,comrav
XC307095.ogg,5,comrav
XC307098.ogg,5,comrav
XC307211.ogg,5,comrav
XC307453.ogg,5,comrav
XC307857.ogg,5,comrav
XC307858.ogg,5,comrav
XC308884.ogg,5,comrav
XC309853.ogg,5,comrav
XC310460.ogg,5,comrav
XC315785.ogg,5,comrav
XC315859.ogg,5,comrav
XC318428.ogg,5,comrav
XC322199.ogg,5,comrav
XC326492.ogg,5,comrav
XC328160.ogg,5,comrav
XC330967.ogg,5,comrav
XC331042.ogg,5,comrav
XC333120.ogg,5,comrav
XC333122.ogg,5,comrav
XC333535.ogg,5,comrav
XC334278.ogg,5,comrav
XC334983.ogg,5,comrav
XC336950.ogg,5,comrav
XC337908.ogg,5,comrav
XC338304.ogg,5,comrav
XC338430.ogg,5,comrav
XC339885.ogg,5,comrav
XC340721.ogg,5,comrav
XC343290.ogg,5,comrav
XC343495.ogg,5,comrav
XC346231.ogg,5,comrav
XC346442.ogg,5,comrav
XC348304.ogg,5,comrav
XC348305.ogg,5,comrav
XC348509.ogg,5,comrav
XC349392.ogg,5,comrav
XC349393.ogg,5,comrav
XC351285.ogg,5,comrav
XC351286.ogg,5,comrav
XC352456.ogg,5,comrav
XC352966.ogg,5,comrav
XC354261.ogg,5,comrav
XC356384.ogg,5,comrav
XC356711.ogg,5,comrav
XC357957.ogg,5,comrav
XC357963.ogg,5,comrav
XC357965.ogg,5,comrav
XC358072.ogg,5,comrav
XC358074.ogg,5,comrav
XC358147.ogg,5,comrav
XC358148.ogg,5,comrav
XC358167.ogg,5,comrav
XC358172.ogg,5,comrav
XC358371.ogg,5,comrav
XC358549.ogg,5,comrav
XC360406.ogg,5,comrav
XC361338.ogg,5,comrav
XC362100.ogg,5,comrav
XC362394.ogg,5,comrav
XC362481.ogg,5,comrav
XC363084.ogg,5,comrav
XC366283.ogg,5,comrav
XC368509.ogg,5,comrav
XC368993.ogg,5,comrav
XC370026.ogg,5,comrav
XC370539.ogg,5,comrav
XC374527.ogg,5,comrav
XC374528.ogg,5,comrav
XC374529.ogg,5,comrav
XC374530.ogg,5,comrav
XC374531.ogg,5,comrav
XC374532.ogg,5,comrav
XC374533.ogg,5,comrav
XC375571.ogg,5,comrav
XC375910.ogg,5,comrav
XC378917.ogg,5,comrav
XC379126.ogg,5,comrav
XC379127.ogg,5,comrav
XC381913.ogg,5,comrav
XC382095.ogg,5,comrav
XC383430.ogg,5,comrav
XC383435.ogg,5,comrav
XC383526.ogg,5,comrav
XC383527.ogg,5,comrav
XC383803.ogg,5,comrav
XC383935.ogg,5,comrav
XC383995.ogg,5,comrav
XC383996.ogg,5,comrav
XC384768.ogg,5,comrav
XC385374.ogg,5,comrav
XC385668.ogg,5,comrav
XC387407.ogg,5,comrav
XC388850.ogg,5,comrav
XC388855.ogg,5,comrav
XC389447.ogg,5,comrav
XC389448.ogg,5,comrav
XC390194.ogg,5,comrav
XC390197.ogg,5,comrav
XC390235.ogg,5,comrav
XC390236.ogg,5,comrav
XC390237.ogg,5,comrav
XC390238.ogg,5,comrav
XC390239.ogg,5,comrav
XC390817.ogg,5,comrav
XC391420.ogg,5,comrav
XC393100.ogg,5,comrav
XC393478.ogg,5,comrav
XC393774.ogg,5,comrav
XC397148.ogg,5,comrav
XC398478.ogg,5,comrav
XC399763.ogg,5,comrav
XC399787.ogg,5,comrav
XC399788.ogg,5,comrav
XC399789.ogg,5,comrav
XC405074.ogg,5,comrav
XC405393.ogg,5,comrav
XC406729.ogg,5,comrav
XC406822.ogg,5,comrav
XC407197.ogg,5,comrav
XC407482.ogg,5,comrav
XC407898.ogg,5,comrav
XC408872.ogg,5,comrav
XC409244.ogg,5,comrav
XC409783.ogg,5,comrav
XC417118.ogg,5,comrav
XC417734.ogg,5,comrav
XC418245.ogg,5,comrav
XC418526.ogg,5,comrav
XC420738.ogg,5,comrav
XC421953.ogg,5,comrav
XC422534.ogg,5,comrav
XC422535.ogg,5,comrav
XC422536.ogg,5,comrav
XC42337.ogg,5,comrav
XC423886.ogg,5,comrav
XC429632.ogg,5,comrav
XC429633.ogg,5,comrav
XC430170.ogg,5,comrav
XC430935.ogg,5,comrav
XC432040.ogg,5,comrav
XC432755.ogg,5,comrav
XC433222.ogg,5,comrav
XC436428.ogg,5,comrav
XC437877.ogg,5,comrav
XC437888.ogg,5,comrav
XC439091.ogg,5,comrav
XC443266.ogg,5,comrav
XC444941.ogg,5,comrav
XC446890.ogg,5,comrav
XC447776.ogg,5,comrav
XC448076.ogg,5,comrav
XC448380.ogg,5,comrav
XC448411.ogg,5,comrav
XC448748.ogg,5,comrav
XC450443.ogg,5,comrav
XC451187.ogg,5,comrav
XC451188.ogg,5,comrav
XC451189.ogg,5,comrav
XC452537.ogg,5,comrav
XC453191.ogg,5,comrav
XC453308.ogg,5,comrav
XC453945.ogg,5,comrav
XC453983.ogg,5,comrav
XC456862.ogg,5,comrav
XC457595.ogg,5,comrav
XC459014.ogg,5,comrav
XC459016.ogg,5,comrav
XC463756.ogg,5,comrav
XC464162.ogg,5,comrav
XC464338.ogg,5,comrav
XC465374.ogg,5,comrav
XC466036.ogg,5,comrav
XC466239.ogg,5,comrav
XC467664.ogg,5,comrav
XC470979.ogg,5,comrav
XC471530.ogg,5,comrav
XC471588.ogg,5,comrav
XC471909.ogg,5,comrav
XC473366.ogg,5,comrav
XC481739.ogg,5,comrav
XC482756.ogg,5,comrav
XC482824.ogg,5,comrav
XC482848.ogg,5,comrav
XC482879.ogg,5,comrav
XC484152.ogg,5,comrav
XC484153.ogg,5,comrav
XC484155.ogg,5,comrav
XC486743.ogg,5,comrav
XC490131.ogg,5,comrav
XC490935.ogg,5,comrav
XC493566.ogg,5,comrav
XC493931.ogg,5,comrav
XC493932.ogg,5,comrav
XC493933.ogg,5,comrav
XC493934.ogg,5,comrav
XC493935.ogg,5,comrav
XC493937.ogg,5,comrav
XC493939.ogg,5,comrav
XC493940.ogg,5,comrav
XC493941.ogg,5,comrav
XC493942.ogg,5,comrav
XC494102.ogg,5,comrav
XC494458.ogg,5,comrav
XC496345.ogg,5,comrav
XC496700.ogg,5,comrav
XC499807.ogg,5,comrav
XC501506.ogg,5,comrav
XC508635.ogg,5,comrav
XC508639.ogg,5,comrav
XC512192.ogg,5,comrav
XC512288.ogg,5,comrav
XC512831.ogg,5,comrav
XC517802.ogg,5,comrav
XC518671.ogg,5,comrav
XC521181.ogg,5,comrav
XC522552.ogg,5,comrav
XC522854.ogg,5,comrav
XC524644.ogg,5,comrav
XC531952.ogg,5,comrav
XC533177.ogg,5,comrav
XC533179.ogg,5,comrav
XC533776.ogg,5,comrav
XC533887.ogg,5,comrav
XC535030.ogg,5,comrav
XC536400.ogg,5,comrav
XC540725.ogg,5,comrav
XC547247.ogg,5,comrav
XC549432.ogg,5,comrav
XC549437.ogg,5,comrav
XC549438.ogg,5,comrav
XC549907.ogg,5,comrav
XC549912.ogg,5,comrav
XC552737.ogg,5,comrav
XC552798.ogg,5,comrav
XC560491.ogg,5,comrav
XC560493.ogg,5,comrav
XC561383.ogg,5,comrav
XC561384.ogg,5,comrav
XC561488.ogg,5,comrav
XC561489.ogg,5,comrav
XC561964.ogg,5,comrav
XC563279.ogg,5,comrav
XC563280.ogg,5,comrav
XC565108.ogg,5,comrav
XC566764.ogg,5,comrav
XC570428.ogg,5,comrav
XC571065.ogg,5,comrav
XC573553.ogg,5,comrav
XC573555.ogg,5,comrav
XC574465.ogg,5,comrav
XC574527.ogg,5,comrav
XC577436.ogg,5,comrav
XC577575.ogg,5,comrav
XC578084.ogg,5,comrav
XC578246.ogg,5,comrav
XC580002.ogg,5,comrav
XC580003.ogg,5,comrav
XC580594.ogg,5,comrav
XC580824.ogg,5,comrav
XC580981.ogg,5,comrav
XC583324.ogg,5,comrav
XC590264.ogg,5,comrav
XC592698.ogg,5,comrav
XC593329.ogg,5,comrav
XC593330.ogg,5,comrav
XC594536.ogg,5,comrav
XC596023.ogg,5,comrav
XC596100.ogg,5,comrav
XC596196.ogg,5,comrav
XC596350.ogg,5,comrav
XC599319.ogg,5,comrav
XC600748.ogg,5,comrav
XC603662.ogg,5,comrav
XC605506.ogg,5,comrav
XC605592.ogg,5,comrav
XC606339.ogg,5,comrav
XC606340.ogg,5,comrav
XC607435.ogg,5,comrav
XC610228.ogg,5,comrav
XC610230.ogg,5,comrav
XC610691.ogg,5,comrav
XC610692.ogg,5,comrav
XC610694.ogg,5,comrav
XC611489.ogg,5,comrav
XC611927.ogg,5,comrav
XC612202.ogg,5,comrav
XC612248.ogg,5,comrav
XC612622.ogg,5,comrav
XC612707.ogg,5,comrav
XC612720.ogg,5,comrav
XC612800.ogg,5,comrav
XC612872.ogg,5,comrav
XC612912.ogg,5,comrav
XC613829.ogg,5,comrav
XC615643.ogg,5,comrav
XC616889.ogg,5,comrav
XC616896.ogg,5,comrav
XC617217.ogg,5,comrav
XC617354.ogg,5,comrav
XC64735.ogg,5,comrav
XC108600.ogg,4,gbwwre1
XC108601.ogg,4,gbwwre1
XC108602.ogg,4,gbwwre1
XC112584.ogg,4,gbwwre1
XC112997.ogg,4,gbwwre1
XC112999.ogg,4,gbwwre1
XC113572.ogg,4,gbwwre1
XC117817.ogg,4,gbwwre1
XC118021.ogg,4,gbwwre1
XC118022.ogg,4,gbwwre1
XC118056.ogg,4,gbwwre1
XC118082.ogg,4,gbwwre1
XC118083.ogg,4,gbwwre1
XC118246.ogg,4,gbwwre1
XC119674.ogg,4,gbwwre1
XC119676.ogg,4,gbwwre1
XC119677.ogg,4,gbwwre1
XC119678.ogg,4,gbwwre1
XC119679.ogg,4,gbwwre1
XC119870.ogg,4,gbwwre1
XC119885.ogg,4,gbwwre1
XC120822.ogg,4,gbwwre1
XC123710.ogg,4,gbwwre1
XC124464.ogg,4,gbwwre1
XC124466.ogg,4,gbwwre1
XC124469.ogg,4,gbwwre1
XC124472.ogg,4,gbwwre1
XC124474.ogg,4,gbwwre1
XC125907.ogg,4,gbwwre1
XC127188.ogg,4,gbwwre1
XC127189.ogg,4,gbwwre1
XC127192.ogg,4,gbwwre1
XC127271.ogg,4,gbwwre1
XC127801.ogg,4,gbwwre1
XC127802.ogg,4,gbwwre1
XC128188.ogg,4,gbwwre1
XC128593.ogg,4,gbwwre1
XC128594.ogg,4,gbwwre1
XC128998.ogg,4,gbwwre1
XC129744.ogg,4,gbwwre1
XC129756.ogg,4,gbwwre1
XC129763.ogg,4,gbwwre1
XC129776.ogg,4,gbwwre1
XC129848.ogg,4,gbwwre1
XC129882.ogg,4,gbwwre1
XC129892.ogg,4,gbwwre1
XC129904.ogg,4,gbwwre1
XC130059.ogg,4,gbwwre1
XC130112.ogg,4,gbwwre1
XC130119.ogg,4,gbwwre1
XC130121.ogg,4,gbwwre1
XC130122.ogg,4,gbwwre1
XC130127.ogg,4,gbwwre1
XC130618.ogg,4,gbwwre1
XC130780.ogg,4,gbwwre1
XC137767.ogg,4,gbwwre1
XC141848.ogg,4,gbwwre1
XC145615.ogg,4,gbwwre1
XC146164.ogg,4,gbwwre1
XC146184.ogg,4,gbwwre1
XC146185.ogg,4,gbwwre1
XC147953.ogg,4,gbwwre1
XC147960.ogg,4,gbwwre1
XC148004.ogg,4,gbwwre1
XC148006.ogg,4,gbwwre1
XC148025.ogg,4,gbwwre1
XC148154.ogg,4,gbwwre1
XC154017.ogg,4,gbwwre1
XC154095.ogg,4,gbwwre1
XC154154.ogg,4,gbwwre1
XC154673.ogg,4,gbwwre1
XC155981.ogg,4,gbwwre1
XC158015.ogg,4,gbwwre1
XC158016.ogg,4,gbwwre1
XC161009.ogg,4,gbwwre1
XC161018.ogg,4,gbwwre1
XC1619.ogg,4,gbwwre1
XC162058.ogg,4,gbwwre1
XC162060.ogg,4,gbwwre1
XC162063.ogg,4,gbwwre1
XC1624.ogg,4,gbwwre1
XC163821.ogg,4,gbwwre1
XC164712.ogg,4,gbwwre1
XC166790.ogg,4,gbwwre1
XC166791.ogg,4,gbwwre1
XC166895.ogg,4,gbwwre1
XC168610.ogg,4,gbwwre1
XC168840.ogg,4,gbwwre1
XC179733.ogg,4,gbwwre1
XC180392.ogg,4,gbwwre1
XC182263.ogg,4,gbwwre1
XC186585.ogg,4,gbwwre1
XC188197.ogg,4,gbwwre1
XC192256.ogg,4,gbwwre1
XC192606.ogg,4,gbwwre1
XC192616.ogg,4,gbwwre1
XC193005.ogg,4,gbwwre1
XC193739.ogg,4,gbwwre1
XC198666.ogg,4,gbwwre1
XC205462.ogg,4,gbwwre1
XC212076.ogg,4,gbwwre1
XC212077.ogg,4,gbwwre1
XC212171.ogg,4,gbwwre1
XC217951.ogg,4,gbwwre1
XC218179.ogg,4,gbwwre1
XC219908.ogg,4,gbwwre1
XC219909.ogg,4,gbwwre1
XC220507.ogg,4,gbwwre1
XC220510.ogg,4,gbwwre1
XC233075.ogg,4,gbwwre1
XC234279.ogg,4,gbwwre1
XC235265.ogg,4,gbwwre1
XC235808.ogg,4,gbwwre1
XC235809.ogg,4,gbwwre1
XC235810.ogg,4,gbwwre1
XC235811.ogg,4,gbwwre1
XC235812.ogg,4,gbwwre1
XC235813.ogg,4,gbwwre1
XC235814.ogg,4,gbwwre1
XC235815.ogg,4,gbwwre1
XC235816.ogg,4,gbwwre1
XC235817.ogg,4,gbwwre1
XC235819.ogg,4,gbwwre1
XC235820.ogg,4,gbwwre1
XC235821.ogg,4,gbwwre1
XC235822.ogg,4,gbwwre1
XC235823.ogg,4,gbwwre1
XC235824.ogg,4,gbwwre1
XC235825.ogg,4,gbwwre1
XC235826.ogg,4,gbwwre1
XC235827.ogg,4,gbwwre1
XC235828.ogg,4,gbwwre1
XC235829.ogg,4,gbwwre1
XC235830.ogg,4,gbwwre1
XC235832.ogg,4,gbwwre1
XC235833.ogg,4,gbwwre1
XC235834.ogg,4,gbwwre1
XC235835.ogg,4,gbwwre1
XC235836.ogg,4,gbwwre1
XC235837.ogg,4,gbwwre1
XC237861.ogg,4,gbwwre1
XC237863.ogg,4,gbwwre1
XC237902.ogg,4,gbwwre1
XC240111.ogg,4,gbwwre1
XC241225.ogg,4,gbwwre1
XC241275.ogg,4,gbwwre1
XC241529.ogg,4,gbwwre1
XC241531.ogg,4,gbwwre1
XC241535.ogg,4,gbwwre1
XC241555.ogg,4,gbwwre1
XC241587.ogg,4,gbwwre1
XC24161.ogg,4,gbwwre1
XC242724.ogg,4,gbwwre1
XC242725.ogg,4,gbwwre1
XC242726.ogg,4,gbwwre1
XC242727.ogg,4,gbwwre1
XC242728.ogg,4,gbwwre1
XC242729.ogg,4,gbwwre1
XC242730.ogg,4,gbwwre1
XC242731.ogg,4,gbwwre1
XC242732.ogg,4,gbwwre1
XC242733.ogg,4,gbwwre1
XC242734.ogg,4,gbwwre1
XC242735.ogg,4,gbwwre1
XC242736.ogg,4,gbwwre1
XC242737.ogg,4,gbwwre1
XC242738.ogg,4,gbwwre1
XC242739.ogg,4,gbwwre1
XC242740.ogg,4,gbwwre1
XC242741.ogg,4,gbwwre1
XC242742.ogg,4,gbwwre1
XC242743.ogg,4,gbwwre1
XC242771.ogg,4,gbwwre1
XC244788.ogg,4,gbwwre1
XC245039.ogg,4,gbwwre1
XC245114.ogg,4,gbwwre1
XC245522.ogg,4,gbwwre1
XC245566.ogg,4,gbwwre1
XC245601.ogg,4,gbwwre1
XC245605.ogg,4,gbwwre1
XC245614.ogg,4,gbwwre1
XC250952.ogg,4,gbwwre1
XC250954.ogg,4,gbwwre1
XC250955.ogg,4,gbwwre1
XC250957.ogg,4,gbwwre1
XC250959.ogg,4,gbwwre1
XC250960.ogg,4,gbwwre1
XC250961.ogg,4,gbwwre1
XC250964.ogg,4,gbwwre1
XC253546.ogg,4,gbwwre1
XC254208.ogg,4,gbwwre1
XC259388.ogg,4,gbwwre1
XC259389.ogg,4,gbwwre1
XC259390.ogg,4,gbwwre1
XC259391.ogg,4,gbwwre1
XC259392.ogg,4,gbwwre1
XC259393.ogg,4,gbwwre1
XC259394.ogg,4,gbwwre1
XC259395.ogg,4,gbwwre1
XC259396.ogg,4,gbwwre1
XC259397.ogg,4,gbwwre1
XC259398.ogg,4,gbwwre1
XC259399.ogg,4,gbwwre1
XC259400.ogg,4,gbwwre1
XC259401.ogg,4,gbwwre1
XC259402.ogg,4,gbwwre1
XC259403.ogg,4,gbwwre1
XC261080.ogg,4,gbwwre1
XC261081.ogg,4,gbwwre1
XC261082.ogg,4,gbwwre1
XC261083.ogg,4,gbwwre1
XC262438.ogg,4,gbwwre1
XC262439.ogg,4,gbwwre1
XC262440.ogg,4,gbwwre1
XC262441.ogg,4,gbwwre1
XC262442.ogg,4,gbwwre1
XC262443.ogg,4,gbwwre1
XC262444.ogg,4,gbwwre1
XC262445.ogg,4,gbwwre1
XC262446.ogg,4,gbwwre1
XC262447.ogg,4,gbwwre1
XC262448.ogg,4,gbwwre1
XC262449.ogg,4,gbwwre1
XC262450.ogg,4,gbwwre1
XC262451.ogg,4,gbwwre1
XC262452.ogg,4,gbwwre1
XC262453.ogg,4,gbwwre1
XC264793.ogg,4,gbwwre1
XC26837.ogg,4,gbwwre1
XC27445.ogg,4,gbwwre1
XC27446.ogg,4,gbwwre1
XC27447.ogg,4,gbwwre1
XC275569.ogg,4,gbwwre1
XC275570.ogg,4,gbwwre1
XC275571.ogg,4,gbwwre1
XC277408.ogg,4,gbwwre1
XC278328.ogg,4,gbwwre1
XC278329.ogg,4,gbwwre1
XC278611.ogg,4,gbwwre1
XC278642.ogg,4,gbwwre1
XC278691.ogg,4,gbwwre1
XC293895.ogg,4,gbwwre1
XC29398.ogg,4,gbwwre1
XC296357.ogg,4,gbwwre1
XC29814.ogg,4,gbwwre1
XC299363.ogg,4,gbwwre1
XC302202.ogg,4,gbwwre1
XC303580.ogg,4,gbwwre1
XC305835.ogg,4,gbwwre1
XC30830.ogg,4,gbwwre1
XC311828.ogg,4,gbwwre1
XC311832.ogg,4,gbwwre1
XC311833.ogg,4,gbwwre1
XC312193.ogg,4,gbwwre1
XC312999.ogg,4,gbwwre1
XC313000.ogg,4,gbwwre1
XC314623.ogg,4,gbwwre1
XC315049.ogg,4,gbwwre1
XC315052.ogg,4,gbwwre1
XC317854.ogg,4,gbwwre1
XC317917.ogg,4,gbwwre1
XC318742.ogg,4,gbwwre1
XC332449.ogg,4,gbwwre1
XC335398.ogg,4,gbwwre1
XC335400.ogg,4,gbwwre1
XC335401.ogg,4,gbwwre1
XC335404.ogg,4,gbwwre1
XC335405.ogg,4,gbwwre1
XC335416.ogg,4,gbwwre1
XC335417.ogg,4,gbwwre1
XC335419.ogg,4,gbwwre1
XC338873.ogg,4,gbwwre1
XC343229.ogg,4,gbwwre1
XC343236.ogg,4,gbwwre1
XC344301.ogg,4,gbwwre1
XC34916.ogg,4,gbwwre1
XC350212.ogg,4,gbwwre1
XC351416.ogg,4,gbwwre1
XC35149.ogg,4,gbwwre1
XC352254.ogg,4,gbwwre1
XC352376.ogg,4,gbwwre1
XC353222.ogg,4,gbwwre1
XC353547.ogg,4,gbwwre1
XC353550.ogg,4,gbwwre1
XC353754.ogg,4,gbwwre1
XC356500.ogg,4,gbwwre1
XC358175.ogg,4,gbwwre1
XC360372.ogg,4,gbwwre1
XC366813.ogg,4,gbwwre1
XC366814.ogg,4,gbwwre1
XC367134.ogg,4,gbwwre1
XC367816.ogg,4,gbwwre1
XC367817.ogg,4,gbwwre1
XC374495.ogg,4,gbwwre1
XC375123.ogg,4,gbwwre1
XC375124.ogg,4,gbwwre1
XC375125.ogg,4,gbwwre1
XC375179.ogg,4,gbwwre1
XC375453.ogg,4,gbwwre1
XC375465.ogg,4,gbwwre1
XC379511.ogg,4,gbwwre1
XC379512.ogg,4,gbwwre1
XC379578.ogg,4,gbwwre1
XC382338.ogg,4,gbwwre1
XC383418.ogg,4,gbwwre1
XC387116.ogg,4,gbwwre1
XC387289.ogg,4,gbwwre1
XC389773.ogg,4,gbwwre1
XC389870.ogg,4,gbwwre1
XC390652.ogg,4,gbwwre1
XC395259.ogg,4,gbwwre1
XC395260.ogg,4,gbwwre1
XC395266.ogg,4,gbwwre1
XC398525.ogg,4,gbwwre1
XC403205.ogg,4,gbwwre1
XC409057.ogg,4,gbwwre1
XC416278.ogg,4,gbwwre1
XC418948.ogg,4,gbwwre1
XC424586.ogg,4,gbwwre1
XC424622.ogg,4,gbwwre1
XC424623.ogg,4,gbwwre1
XC429563.ogg,4,gbwwre1
XC432398.ogg,4,gbwwre1
XC433178.ogg,4,gbwwre1
XC433179.ogg,4,gbwwre1
XC43899.ogg,4,gbwwre1
XC439081.ogg,4,gbwwre1
XC442643.ogg,4,gbwwre1
XC444475.ogg,4,gbwwre1
XC444476.ogg,4,gbwwre1
XC445704.ogg,4,gbwwre1
XC450884.ogg,4,gbwwre1
XC453805.ogg,4,gbwwre1
XC461012.ogg,4,gbwwre1
XC461236.ogg,4,gbwwre1
XC461237.ogg,4,gbwwre1
XC461238.ogg,4,gbwwre1
XC461794.ogg,4,gbwwre1
XC462004.ogg,4,gbwwre1
XC463876.ogg,4,gbwwre1
XC465731.ogg,4,gbwwre1
XC472237.ogg,4,gbwwre1
XC47394.ogg,4,gbwwre1
XC47396.ogg,4,gbwwre1
XC47397.ogg,4,gbwwre1
XC47398.ogg,4,gbwwre1
XC47399.ogg,4,gbwwre1
XC47400.ogg,4,gbwwre1
XC47401.ogg,4,gbwwre1
XC47402.ogg,4,gbwwre1
XC47403.ogg,4,gbwwre1
XC474664.ogg,4,gbwwre1
XC474665.ogg,4,gbwwre1
XC479875.ogg,4,gbwwre1
XC481601.ogg,4,gbwwre1
XC481602.ogg,4,gbwwre1
XC486242.ogg,4,gbwwre1
XC489508.ogg,4,gbwwre1
XC496752.ogg,4,gbwwre1
XC498913.ogg,4,gbwwre1
XC499333.ogg,4,gbwwre1
XC50388.ogg,4,gbwwre1
XC50389.ogg,4,gbwwre1
XC50390.ogg,4,gbwwre1
XC50391.ogg,4,gbwwre1
XC506966.ogg,4,gbwwre1
XC517984.ogg,4,gbwwre1
XC517985.ogg,4,gbwwre1
XC517986.ogg,4,gbwwre1
XC517987.ogg,4,gbwwre1
XC517988.ogg,4,gbwwre1
XC517989.ogg,4,gbwwre1
XC517990.ogg,4,gbwwre1
XC517991.ogg,4,gbwwre1
XC517992.ogg,4,gbwwre1
XC517993.ogg,4,gbwwre1
XC517994.ogg,4,gbwwre1
XC517995.ogg,4,gbwwre1
XC517996.ogg,4,gbwwre1
XC517997.ogg,4,gbwwre1
XC518229.ogg,4,gbwwre1
XC518230.ogg,4,gbwwre1
XC518251.ogg,4,gbwwre1
XC522032.ogg,4,gbwwre1
XC524209.ogg,4,gbwwre1
XC525723.ogg,4,gbwwre1
XC525724.ogg,4,gbwwre1
XC525744.ogg,4,gbwwre1
XC525745.ogg,4,gbwwre1
XC525815.ogg,4,gbwwre1
XC525817.ogg,4,gbwwre1
XC525863.ogg,4,gbwwre1
XC526150.ogg,4,gbwwre1
XC529312.ogg,4,gbwwre1
XC529313.ogg,4,gbwwre1
XC529314.ogg,4,gbwwre1
XC529372.ogg,4,gbwwre1
XC529373.ogg,4,gbwwre1
XC529374.ogg,4,gbwwre1
XC529375.ogg,4,gbwwre1
XC529376.ogg,4,gbwwre1
XC529377.ogg,4,gbwwre1
XC529378.ogg,4,gbwwre1
XC529379.ogg,4,gbwwre1
XC529380.ogg,4,gbwwre1
XC529381.ogg,4,gbwwre1
XC529382.ogg,4,gbwwre1
XC529383.ogg,4,gbwwre1
XC529384.ogg,4,gbwwre1
XC529385.ogg,4,gbwwre1
XC529386.ogg,4,gbwwre1
XC529387.ogg,4,gbwwre1
XC529460.ogg,4,gbwwre1
XC529530.ogg,4,gbwwre1
XC532498.ogg,4,gbwwre1
XC532499.ogg,4,gbwwre1
XC532500.ogg,4,gbwwre1
XC532501.ogg,4,gbwwre1
XC532502.ogg,4,gbwwre1
XC532503.ogg,4,gbwwre1
XC532504.ogg,4,gbwwre1
XC532505.ogg,4,gbwwre1
XC532506.ogg,4,gbwwre1
XC532507.ogg,4,gbwwre1
XC532508.ogg,4,gbwwre1
XC532509.ogg,4,gbwwre1
XC532510.ogg,4,gbwwre1
XC532511.ogg,4,gbwwre1
XC532512.ogg,4,gbwwre1
XC532513.ogg,4,gbwwre1
XC532514.ogg,4,gbwwre1
XC532515.ogg,4,gbwwre1
XC532956.ogg,4,gbwwre1
XC532957.ogg,4,gbwwre1
XC532958.ogg,4,gbwwre1
XC532959.ogg,4,gbwwre1
XC532960.ogg,4,gbwwre1
XC532961.ogg,4,gbwwre1
XC532962.ogg,4,gbwwre1
XC532963.ogg,4,gbwwre1
XC532964.ogg,4,gbwwre1
XC532965.ogg,4,gbwwre1
XC532966.ogg,4,gbwwre1
XC532967.ogg,4,gbwwre1
XC532968.ogg,4,gbwwre1
XC532969.ogg,4,gbwwre1
XC532970.ogg,4,gbwwre1
XC532971.ogg,4,gbwwre1
XC532972.ogg,4,gbwwre1
XC532973.ogg,4,gbwwre1
XC532974.ogg,4,gbwwre1
XC532975.ogg,4,gbwwre1
XC532976.ogg,4,gbwwre1
XC532977.ogg,4,gbwwre1
XC532978.ogg,4,gbwwre1
XC532979.ogg,4,gbwwre1
XC532983.ogg,4,gbwwre1
XC532984.ogg,4,gbwwre1
XC532985.ogg,4,gbwwre1
XC534572.ogg,4,gbwwre1
XC534573.ogg,4,gbwwre1
XC539927.ogg,4,gbwwre1
XC542815.ogg,4,gbwwre1
XC542817.ogg,4,gbwwre1
XC543344.ogg,4,gbwwre1
XC544510.ogg,4,gbwwre1
XC544511.ogg,4,gbwwre1
XC544547.ogg,4,gbwwre1
XC550887.ogg,4,gbwwre1
XC552913.ogg,4,gbwwre1
XC552922.ogg,4,gbwwre1
XC558157.ogg,4,gbwwre1
XC558292.ogg,4,gbwwre1
XC568166.ogg,4,gbwwre1
XC578333.ogg,4,gbwwre1
XC578334.ogg,4,gbwwre1
XC586678.ogg,4,gbwwre1
XC586682.ogg,4,gbwwre1
XC586691.ogg,4,gbwwre1
XC588243.ogg,4,gbwwre1
XC588246.ogg,4,gbwwre1
XC589684.ogg,4,gbwwre1
XC598633.ogg,4,gbwwre1
XC613850.ogg,4,gbwwre1
XC614044.ogg,4,gbwwre1
XC62995.ogg,4,gbwwre1
XC63499.ogg,4,gbwwre1
XC63500.ogg,4,gbwwre1
XC63501.ogg,4,gbwwre1
XC63502.ogg,4,gbwwre1
XC65753.ogg,4,gbwwre1
XC74764.ogg,4,gbwwre1
XC74793.ogg,4,gbwwre1
XC74945.ogg,4,gbwwre1
XC7874.ogg,4,gbwwre1
XC8032.ogg,4,gbwwre1
XC8088.ogg,4,gbwwre1
XC112666.ogg,3,houspa
XC112679.ogg,3,houspa
XC11507.ogg,3,houspa
XC116041.ogg,3,houspa
XC122553.ogg,3,houspa
XC124181.ogg,3,houspa
XC127477.ogg,3,houspa
XC127484.ogg,3,houspa
XC127677.ogg,3,houspa
XC129572.ogg,3,houspa
XC129573.ogg,3,houspa
XC131299.ogg,3,houspa
XC132428.ogg,3,houspa
XC137666.ogg,3,houspa
XC138577.ogg,3,houspa
XC139186.ogg,3,houspa
XC139597.ogg,3,houspa
XC139770.ogg,3,houspa
XC140586.ogg,3,houspa
XC141693.ogg,3,houspa
XC142635.ogg,3,houspa
XC143113.ogg,3,houspa
XC143171.ogg,3,houspa
XC145158.ogg,3,houspa
XC145321.ogg,3,houspa
XC145522.ogg,3,houspa
XC145560.ogg,3,houspa
XC145563.ogg,3,houspa
XC148918.ogg,3,houspa
XC150123.ogg,3,houspa
XC150410.ogg,3,houspa
XC151101.ogg,3,houspa
XC151115.ogg,3,houspa
XC151123.ogg,3,houspa
XC151126.ogg,3,houspa
XC151132.ogg,3,houspa
XC151138.ogg,3,houspa
XC151143.ogg,3,houspa
XC151150.ogg,3,houspa
XC151155.ogg,3,houspa
XC151157.ogg,3,houspa
XC151160.ogg,3,houspa
XC151164.ogg,3,houspa
XC156389.ogg,3,houspa
XC163028.ogg,3,houspa
XC163294.ogg,3,houspa
XC163350.ogg,3,houspa
XC163614.ogg,3,houspa
XC163636.ogg,3,houspa
XC163646.ogg,3,houspa
XC168468.ogg,3,houspa
XC168478.ogg,3,houspa
XC168479.ogg,3,houspa
XC168480.ogg,3,houspa
XC168484.ogg,3,houspa
XC168578.ogg,3,houspa
XC168649.ogg,3,houspa
XC169126.ogg,3,houspa
XC171041.ogg,3,houspa
XC173497.ogg,3,houspa
XC173498.ogg,3,houspa
XC173553.ogg,3,houspa
XC175613.ogg,3,houspa
XC175654.ogg,3,houspa
XC176243.ogg,3,houspa
XC176911.ogg,3,houspa
XC177284.ogg,3,houspa
XC178383.ogg,3,houspa
XC178387.ogg,3,houspa
XC179340.ogg,3,houspa
XC182594.ogg,3,houspa
XC182702.ogg,3,houspa
XC184642.ogg,3,houspa
XC184801.ogg,3,houspa
XC184832.ogg,3,houspa
XC184833.ogg,3,houspa
XC185030.ogg,3,houspa
XC185406.ogg,3,houspa
XC185407.ogg,3,houspa
XC187498.ogg,3,houspa
XC187964.ogg,3,houspa
XC192305.ogg,3,houspa
XC192306.ogg,3,houspa
XC193521.ogg,3,houspa
XC194222.ogg,3,houspa
XC197273.ogg,3,houspa
XC197467.ogg,3,houspa
XC197551.ogg,3,houspa
XC197826.ogg,3,houspa
XC199496.ogg,3,houspa
XC208395.ogg,3,houspa
XC209059.ogg,3,houspa
XC210466.ogg,3,houspa
XC210486.ogg,3,houspa
XC213467.ogg,3,houspa
XC215043.ogg,3,houspa
XC217419.ogg,3,houspa
XC233181.ogg,3,houspa
XC233934.ogg,3,houspa
XC233935.ogg,3,houspa
XC236476.ogg,3,houspa
XC236834.ogg,3,houspa
XC237289.ogg,3,houspa
XC237290.ogg,3,houspa
XC239375.ogg,3,houspa
XC240215.ogg,3,houspa
XC240783.ogg,3,houspa
XC243554.ogg,3,houspa
XC243556.ogg,3,houspa
XC243557.ogg,3,houspa
XC243558.ogg,3,houspa
XC246976.ogg,3,houspa
XC252316.ogg,3,houspa
XC254277.ogg,3,houspa
XC255965.ogg,3,houspa
XC255969.ogg,3,houspa
XC255974.ogg,3,houspa
XC25677.ogg,3,houspa
XC25678.ogg,3,houspa
XC260079.ogg,3,houspa
XC260080.ogg,3,houspa
XC260081.ogg,3,houspa
XC260082.ogg,3,houspa
XC264024.ogg,3,houspa
XC264941.ogg,3,houspa
XC268245.ogg,3,houspa
XC268690.ogg,3,houspa
XC269386.ogg,3,houspa
XC269446.ogg,3,houspa
XC269613.ogg,3,houspa
XC269825.ogg,3,houspa
XC270027.ogg,3,houspa
XC271733.ogg,3,houspa
XC271734.ogg,3,houspa
XC271735.ogg,3,houspa
XC276984.ogg,3,houspa
XC278560.ogg,3,houspa
XC279718.ogg,3,houspa
XC282277.ogg,3,houspa
XC282278.ogg,3,houspa
XC282280.ogg,3,houspa
XC282806.ogg,3,houspa
XC283464.ogg,3,houspa
XC283864.ogg,3,houspa
XC292029.ogg,3,houspa
XC292030.ogg,3,houspa
XC293981.ogg,3,houspa
XC298019.ogg,3,houspa
XC298759.ogg,3,houspa
XC301047.ogg,3,houspa
XC302124.ogg,3,houspa
XC302483.ogg,3,houspa
XC302911.ogg,3,houspa
XC303718.ogg,3,houspa
XC304656.ogg,3,houspa
XC306629.ogg,3,houspa
XC314796.ogg,3,houspa
XC315538.ogg,3,houspa
XC316242.ogg,3,houspa
XC316243.ogg,3,houspa
XC316244.ogg,3,houspa
XC322519.ogg,3,houspa
XC324458.ogg,3,houspa
XC324840.ogg,3,houspa
XC325709.ogg,3,houspa
XC334058.ogg,3,houspa
XC334059.ogg,3,houspa
XC335931.ogg,3,houspa
XC344306.ogg,3,houspa
XC344319.ogg,3,houspa
XC349814.ogg,3,houspa
XC349815.ogg,3,houspa
XC351547.ogg,3,houspa
XC352024.ogg,3,houspa
XC358971.ogg,3,houspa
XC364247.ogg,3,houspa
XC364541.ogg,3,houspa
XC373844.ogg,3,houspa
XC376476.ogg,3,houspa
XC376566.ogg,3,houspa
XC377559.ogg,3,houspa
XC377560.ogg,3,houspa
XC379470.ogg,3,houspa
XC380358.ogg,3,houspa
XC383292.ogg,3,houspa
XC384539.ogg,3,houspa
XC385838.ogg,3,houspa
XC388295.ogg,3,houspa
XC388296.ogg,3,houspa
XC388579.ogg,3,houspa
XC390512.ogg,3,houspa
XC392772.ogg,3,houspa
XC392775.ogg,3,houspa
XC396464.ogg,3,houspa
XC402159.ogg,3,houspa
XC405192.ogg,3,houspa
XC405237.ogg,3,houspa
XC405292.ogg,3,houspa
XC405293.ogg,3,houspa
XC414547.ogg,3,houspa
XC414548.ogg,3,houspa
XC417551.ogg,3,houspa
XC422118.ogg,3,houspa
XC425699.ogg,3,houspa
XC428537.ogg,3,houspa
XC430463.ogg,3,houspa
XC430943.ogg,3,houspa
XC430944.ogg,3,houspa
XC430945.ogg,3,houspa
XC431685.ogg,3,houspa
XC432106.ogg,3,houspa
XC433157.ogg,3,houspa
XC436230.ogg,3,houspa
XC437798.ogg,3,houspa
XC438428.ogg,3,houspa
XC441749.ogg,3,houspa
XC443452.ogg,3,houspa
XC444029.ogg,3,houspa
XC444230.ogg,3,houspa
XC444806.ogg,3,houspa
XC445435.ogg,3,houspa
XC445794.ogg,3,houspa
XC447437.ogg,3,houspa
XC448288.ogg,3,houspa
XC448573.ogg,3,houspa
XC449555.ogg,3,houspa
XC459144.ogg,3,houspa
XC459146.ogg,3,houspa
XC459671.ogg,3,houspa
XC459880.ogg,3,houspa
XC462907.ogg,3,houspa
XC464442.ogg,3,houspa
XC464580.ogg,3,houspa
XC465285.ogg,3,houspa
XC465536.ogg,3,houspa
XC466362.ogg,3,houspa
XC467940.ogg,3,houspa
XC467941.ogg,3,houspa
XC468305.ogg,3,houspa
XC468308.ogg,3,houspa
XC468309.ogg,3,houspa
XC468457.ogg,3,houspa
XC468459.ogg,3,houspa
XC468461.ogg,3,houspa
XC468467.ogg,3,houspa
XC469947.ogg,3,houspa
XC470472.ogg,3,houspa
XC472457.ogg,3,houspa
XC479586.ogg,3,houspa
XC479870.ogg,3,houspa
XC479935.ogg,3,houspa
XC484382.ogg,3,houspa
XC485308.ogg,3,houspa
XC485338.ogg,3,houspa
XC485516.ogg,3,houspa
XC489254.ogg,3,houspa
XC492126.ogg,3,houspa
XC492128.ogg,3,houspa
XC495066.ogg,3,houspa
XC495501.ogg,3,houspa
XC495694.ogg,3,houspa
XC498493.ogg,3,houspa
XC499651.ogg,3,houspa
XC499671.ogg,3,houspa
XC500409.ogg,3,houspa
XC500500.ogg,3,houspa
XC501121.ogg,3,houspa
XC502429.ogg,3,houspa
XC503010.ogg,3,houspa
XC503268.ogg,3,houspa
XC503474.ogg,3,houspa
XC503475.ogg,3,houspa
XC505276.ogg,3,houspa
XC508461.ogg,3,houspa
XC509499.ogg,3,houspa
XC509502.ogg,3,houspa
XC511028.ogg,3,houspa
XC511029.ogg,3,houspa
XC511607.ogg,3,houspa
XC511608.ogg,3,houspa
XC511609.ogg,3,houspa
XC512602.ogg,3,houspa
XC512608.ogg,3,houspa
XC513298.ogg,3,houspa
XC513500.ogg,3,houspa
XC513501.ogg,3,houspa
XC513738.ogg,3,houspa
XC514021.ogg,3,houspa
XC519514.ogg,3,houspa
XC519517.ogg,3,houspa
XC521288.ogg,3,houspa
XC521289.ogg,3,houspa
XC522713.ogg,3,houspa
XC523279.ogg,3,houspa
XC526245.ogg,3,houspa
XC526246.ogg,3,houspa
XC526344.ogg,3,houspa
XC526397.ogg,3,houspa
XC526398.ogg,3,houspa
XC527801.ogg,3,houspa
XC527803.ogg,3,houspa
XC527804.ogg,3,houspa
XC528971.ogg,3,houspa
XC530545.ogg,3,houspa
XC530696.ogg,3,houspa
XC530698.ogg,3,houspa
XC530701.ogg,3,houspa
XC530703.ogg,3,houspa
XC530705.ogg,3,houspa
XC530706.ogg,3,houspa
XC530808.ogg,3,houspa
XC531185.ogg,3,houspa
XC532236.ogg,3,houspa
XC533263.ogg,3,houspa
XC533266.ogg,3,houspa
XC533271.ogg,3,houspa
XC534603.ogg,3,houspa
XC535380.ogg,3,houspa
XC535725.ogg,3,houspa
XC535726.ogg,3,houspa
XC536570.ogg,3,houspa
XC537216.ogg,3,houspa
XC537217.ogg,3,houspa
XC537233.ogg,3,houspa
XC537768.ogg,3,houspa
XC538288.ogg,3,houspa
XC538635.ogg,3,houspa
XC539116.ogg,3,houspa
XC539118.ogg,3,houspa
XC539455.ogg,3,houspa
XC541041.ogg,3,houspa
XC541416.ogg,3,houspa
XC541431.ogg,3,houspa
XC541432.ogg,3,houspa
XC541441.ogg,3,houspa
XC541445.ogg,3,houspa
XC541527.ogg,3,houspa
XC541539.ogg,3,houspa
XC541545.ogg,3,houspa
XC542024.ogg,3,houspa
XC542029.ogg,3,houspa
XC542030.ogg,3,houspa
XC542231.ogg,3,houspa
XC543237.ogg,3,houspa
XC543376.ogg,3,houspa
XC543378.ogg,3,houspa
XC544142.ogg,3,houspa
XC544146.ogg,3,houspa
XC544166.ogg,3,houspa
XC544167.ogg,3,houspa
XC544200.ogg,3,houspa
XC544305.ogg,3,houspa
XC544308.ogg,3,houspa
XC544643.ogg,3,houspa
XC544652.ogg,3,houspa
XC545734.ogg,3,houspa
XC545735.ogg,3,houspa
XC546206.ogg,3,houspa
XC546263.ogg,3,houspa
XC546880.ogg,3,houspa
XC547014.ogg,3,houspa
XC548490.ogg,3,houspa
XC548491.ogg,3,houspa
XC548526.ogg,3,houspa
XC548543.ogg,3,houspa
XC549665.ogg,3,houspa
XC550004.ogg,3,houspa
XC550006.ogg,3,houspa
XC550536.ogg,3,houspa
XC550742.ogg,3,houspa
XC551245.ogg,3,houspa
XC552454.ogg,3,houspa
XC552835.ogg,3,houspa
XC553005.ogg,3,houspa
XC553526.ogg,3,houspa
XC553544.ogg,3,houspa
XC553546.ogg,3,houspa
XC553553.ogg,3,houspa
XC553556.ogg,3,houspa
XC553561.ogg,3,houspa
XC553623.ogg,3,houspa
XC553795.ogg,3,houspa
XC553800.ogg,3,houspa
XC553807.ogg,3,houspa
XC553939.ogg,3,houspa
XC554003.ogg,3,houspa
XC554476.ogg,3,houspa
XC554478.ogg,3,houspa
XC554654.ogg,3,houspa
XC554794.ogg,3,houspa
XC554802.ogg,3,houspa
XC555184.ogg,3,houspa
XC555715.ogg,3,houspa
XC555767.ogg,3,houspa
XC556816.ogg,3,houspa
XC556824.ogg,3,houspa
XC556829.ogg,3,houspa
XC556836.ogg,3,houspa
XC556841.ogg,3,houspa
XC556914.ogg,3,houspa
XC556947.ogg,3,houspa
XC557047.ogg,3,houspa
XC557048.ogg,3,houspa
XC557351.ogg,3,houspa
XC557383.ogg,3,houspa
XC557778.ogg,3,houspa
XC557782.ogg,3,houspa
XC557783.ogg,3,houspa
XC557924.ogg,3,houspa
XC557928.ogg,3,houspa
XC558449.ogg,3,houspa
XC559091.ogg,3,houspa
XC559171.ogg,3,houspa
XC559548.ogg,3,houspa
XC559610.ogg,3,houspa
XC559692.ogg,3,houspa
XC559708.ogg,3,houspa
XC559757.ogg,3,houspa
XC559872.ogg,3,houspa
XC559874.ogg,3,houspa
XC560583.ogg,3,houspa
XC560584.ogg,3,houspa
XC561184.ogg,3,houspa
XC561567.ogg,3,houspa
XC561786.ogg,3,houspa
XC561787.ogg,3,houspa
XC561975.ogg,3,houspa
XC563091.ogg,3,houspa
XC564088.ogg,3,houspa
XC564092.ogg,3,houspa
XC564291.ogg,3,houspa
XC564822.ogg,3,houspa
XC565123.ogg,3,houspa
XC565195.ogg,3,houspa
XC565196.ogg,3,houspa
XC565682.ogg,3,houspa
XC565683.ogg,3,houspa
XC568376.ogg,3,houspa
XC568480.ogg,3,houspa
XC568488.ogg,3,houspa
XC569675.ogg,3,houspa
XC569833.ogg,3,houspa
XC570011.ogg,3,houspa
XC570549.ogg,3,houspa
XC570550.ogg,3,houspa
XC570604.ogg,3,houspa
XC571245.ogg,3,houspa
XC571250.ogg,3,houspa
XC571251.ogg,3,houspa
XC571253.ogg,3,houspa
XC572653.ogg,3,houspa
XC573911.ogg,3,houspa
XC575359.ogg,3,houspa
XC576357.ogg,3,houspa
XC576358.ogg,3,houspa
XC577017.ogg,3,houspa
XC577264.ogg,3,houspa
XC577876.ogg,3,houspa
XC579350.ogg,3,houspa
XC580074.ogg,3,houspa
XC580908.ogg,3,houspa
XC581789.ogg,3,houspa
XC582070.ogg,3,houspa
XC582298.ogg,3,houspa
XC582336.ogg,3,houspa
XC583867.ogg,3,houspa
XC583868.ogg,3,houspa
XC583869.ogg,3,houspa
XC583870.ogg,3,houspa
XC584512.ogg,3,houspa
XC584991.ogg,3,houspa
XC587149.ogg,3,houspa
XC591487.ogg,3,houspa
XC591496.ogg,3,houspa
XC593617.ogg,3,houspa
XC594195.ogg,3,houspa
XC594333.ogg,3,houspa
XC600002.ogg,3,houspa
XC600976.ogg,3,houspa
XC604517.ogg,3,houspa
XC608667.ogg,3,houspa
XC611493.ogg,3,houspa
XC614109.ogg,3,houspa
XC616097.ogg,3,houspa
XC616577.ogg,3,houspa
XC616579.ogg,3,houspa
XC617108.ogg,3,houspa
XC618128.ogg,3,houspa
XC109034.ogg,2,norcar
XC109035.ogg,2,norcar
XC109036.ogg,2,norcar
XC110059.ogg,2,norcar
XC112830.ogg,2,norcar
XC11502.ogg,2,norcar
XC11846.ogg,2,norcar
XC120865.ogg,2,norcar
XC124761.ogg,2,norcar
XC125238.ogg,2,norcar
XC125284.ogg,2,norcar
XC130961.ogg,2,norcar
XC130962.ogg,2,norcar
XC130963.ogg,2,norcar
XC130964.ogg,2,norcar
XC130965.ogg,2,norcar
XC130966.ogg,2,norcar
XC130967.ogg,2,norcar
XC131898.ogg,2,norcar
XC134635.ogg,2,norcar
XC137583.ogg,2,norcar
XC137650.ogg,2,norcar
XC138075.ogg,2,norcar
XC141210.ogg,2,norcar
XC141212.ogg,2,norcar
XC141268.ogg,2,norcar
XC141499.ogg,2,norcar
XC141500.ogg,2,norcar
XC141501.ogg,2,norcar
XC141502.ogg,2,norcar
XC141503.ogg,2,norcar
XC142116.ogg,2,norcar
XC142340.ogg,2,norcar
XC142500.ogg,2,norcar
XC142555.ogg,2,norcar
XC143800.ogg,2,norcar
XC143801.ogg,2,norcar
XC143802.ogg,2,norcar
XC143803.ogg,2,norcar
XC143804.ogg,2,norcar
XC144136.ogg,2,norcar
XC144243.ogg,2,norcar
XC147474.ogg,2,norcar
XC153540.ogg,2,norcar
XC158418.ogg,2,norcar
XC163303.ogg,2,norcar
XC163305.ogg,2,norcar
XC163308.ogg,2,norcar
XC163311.ogg,2,norcar
XC163314.ogg,2,norcar
XC163315.ogg,2,norcar
XC163317.ogg,2,norcar
XC163782.ogg,2,norcar
XC165343.ogg,2,norcar
XC165345.ogg,2,norcar
XC165346.ogg,2,norcar
XC166106.ogg,2,norcar
XC169075.ogg,2,norcar
XC169076.ogg,2,norcar
XC169079.ogg,2,norcar
XC169226.ogg,2,norcar
XC170397.ogg,2,norcar
XC170399.ogg,2,norcar
XC170419.ogg,2,norcar
XC17057.ogg,2,norcar
XC171534.ogg,2,norcar
XC172400.ogg,2,norcar
XC172436.ogg,2,norcar
XC172437.ogg,2,norcar
XC175226.ogg,2,norcar
XC175553.ogg,2,norcar
XC177130.ogg,2,norcar
XC177131.ogg,2,norcar
XC177296.ogg,2,norcar
XC177573.ogg,2,norcar
XC177574.ogg,2,norcar
XC177577.ogg,2,norcar
XC179316.ogg,2,norcar
XC180280.ogg,2,norcar
XC183008.ogg,2,norcar
XC184570.ogg,2,norcar
XC185240.ogg,2,norcar
XC189285.ogg,2,norcar
XC189324.ogg,2,norcar
XC190562.ogg,2,norcar
XC192422.ogg,2,norcar
XC196163.ogg,2,norcar
XC196750.ogg,2,norcar
XC197297.ogg,2,norcar
XC197298.ogg,2,norcar
XC199662.ogg,2,norcar
XC202181.ogg,2,norcar
XC203261.ogg,2,norcar
XC204955.ogg,2,norcar
XC205822.ogg,2,norcar
XC205824.ogg,2,norcar
XC205836.ogg,2,norcar
XC211157.ogg,2,norcar
XC213428.ogg,2,norcar
XC214446.ogg,2,norcar
XC215833.ogg,2,norcar
XC216530.ogg,2,norcar
XC216628.ogg,2,norcar
XC232861.ogg,2,norcar
XC232919.ogg,2,norcar
XC232924.ogg,2,norcar
XC233122.ogg,2,norcar
XC233123.ogg,2,norcar
XC234222.ogg,2,norcar
XC234663.ogg,2,norcar
XC234664.ogg,2,norcar
XC234666.ogg,2,norcar
XC234672.ogg,2,norcar
XC236005.ogg,2,norcar
XC236565.ogg,2,norcar
XC236719.ogg,2,norcar
XC237430.ogg,2,norcar
XC237431.ogg,2,norcar
XC240937.ogg,2,norcar
XC241141.ogg,2,norcar
XC255470.ogg,2,norcar
XC263096.ogg,2,norcar
XC263234.ogg,2,norcar
XC266324.ogg,2,norcar
XC266326.ogg,2,norcar
XC266328.ogg,2,norcar
XC266332.ogg,2,norcar
XC266333.ogg,2,norcar
XC266335.ogg,2,norcar
XC266337.ogg,2,norcar
XC266633.ogg,2,norcar
XC266635.ogg,2,norcar
XC266638.ogg,2,norcar
XC266641.ogg,2,norcar
XC266643.ogg,2,norcar
XC266646.ogg,2,norcar
XC269515.ogg,2,norcar
XC270548.ogg,2,norcar
XC277223.ogg,2,norcar
XC282264.ogg,2,norcar
XC285316.ogg,2,norcar
XC286524.ogg,2,norcar
XC287874.ogg,2,norcar
XC287875.ogg,2,norcar
XC288484.ogg,2,norcar
XC291402.ogg,2,norcar
XC297291.ogg,2,norcar
XC297495.ogg,2,norcar
XC302932.ogg,2,norcar
XC303678.ogg,2,norcar
XC304524.ogg,2,norcar
XC304525.ogg,2,norcar
XC304861.ogg,2,norcar
XC306947.ogg,2,norcar
XC308809.ogg,2,norcar
XC309817.ogg,2,norcar
XC309818.ogg,2,norcar
XC309819.ogg,2,norcar
XC309820.ogg,2,norcar
XC309821.ogg,2,norcar
XC310953.ogg,2,norcar
XC310955.ogg,2,norcar
XC311714.ogg,2,norcar
XC313079.ogg,2,norcar
XC313423.ogg,2,norcar
XC313512.ogg,2,norcar
XC313769.ogg,2,norcar
XC314141.ogg,2,norcar
XC315749.ogg,2,norcar
XC316104.ogg,2,norcar
XC316528.ogg,2,norcar
XC316529.ogg,2,norcar
XC31676.ogg,2,norcar
XC317266.ogg,2,norcar
XC317502.ogg,2,norcar
XC320497.ogg,2,norcar
XC320694.ogg,2,norcar
XC321375.ogg,2,norcar
XC321694.ogg,2,norcar
XC321925.ogg,2,norcar
XC321934.ogg,2,norcar
XC322458.ogg,2,norcar
XC324355.ogg,2,norcar
XC324411.ogg,2,norcar
XC325658.ogg,2,norcar
XC325690.ogg,2,norcar
XC325692.ogg,2,norcar
XC326630.ogg,2,norcar
XC327666.ogg,2,norcar
XC328238.ogg,2,norcar
XC330230.ogg,2,norcar
XC330857.ogg,2,norcar
XC330858.ogg,2,norcar
XC332576.ogg,2,norcar
XC332611.ogg,2,norcar
XC336998.ogg,2,norcar
XC337003.ogg,2,norcar
XC340724.ogg,2,norcar
XC343926.ogg,2,norcar
XC343927.ogg,2,norcar
XC345986.ogg,2,norcar
XC351633.ogg,2,norcar
XC353004.ogg,2,norcar
XC356015.ogg,2,norcar
XC356489.ogg,2,norcar
XC356804.ogg,2,norcar
XC361018.ogg,2,norcar
XC362613.ogg,2,norcar
XC362753.ogg,2,norcar
XC363861.ogg,2,norcar
XC364675.ogg,2,norcar
XC365068.ogg,2,norcar
XC366398.ogg,2,norcar
XC366403.ogg,2,norcar
XC366609.ogg,2,norcar
XC367706.ogg,2,norcar
XC367804.ogg,2,norcar
XC370062.ogg,2,norcar
XC370494.ogg,2,norcar
XC370880.ogg,2,norcar
XC372866.ogg,2,norcar
XC373452.ogg,2,norcar
XC373569.ogg,2,norcar
XC375382.ogg,2,norcar
XC376228.ogg,2,norcar
XC381307.ogg,2,norcar
XC382335.ogg,2,norcar
XC382878.ogg,2,norcar
XC383941.ogg,2,norcar
XC384904.ogg,2,norcar
XC385839.ogg,2,norcar
XC386340.ogg,2,norcar
XC388589.ogg,2,norcar
XC388595.ogg,2,norcar
XC394315.ogg,2,norcar
XC399207.ogg,2,norcar
XC403412.ogg,2,norcar
XC407052.ogg,2,norcar
XC407054.ogg,2,norcar
XC408321.ogg,2,norcar
XC412330.ogg,2,norcar
XC413201.ogg,2,norcar
XC413207.ogg,2,norcar
XC415386.ogg,2,norcar
XC415887.ogg,2,norcar
XC415922.ogg,2,norcar
XC415925.ogg,2,norcar
XC416020.ogg,2,norcar
XC416024.ogg,2,norcar
XC416549.ogg,2,norcar
XC416568.ogg,2,norcar
XC418321.ogg,2,norcar
XC419039.ogg,2,norcar
XC419046.ogg,2,norcar
XC419924.ogg,2,norcar
XC420904.ogg,2,norcar
XC421948.ogg,2,norcar
XC422782.ogg,2,norcar
XC423360.ogg,2,norcar
XC425990.ogg,2,norcar
XC434573.ogg,2,norcar
XC434576.ogg,2,norcar
XC434578.ogg,2,norcar
XC434579.ogg,2,norcar
XC434581.ogg,2,norcar
XC434582.ogg,2,norcar
XC434584.ogg,2,norcar
XC434585.ogg,2,norcar
XC434586.ogg,2,norcar
XC439895.ogg,2,norcar
XC439896.ogg,2,norcar
XC439897.ogg,2,norcar
XC439899.ogg,2,norcar
XC439900.ogg,2,norcar
XC439901.ogg,2,norcar
XC439902.ogg,2,norcar
XC439903.ogg,2,norcar
XC439904.ogg,2,norcar
XC439905.ogg,2,norcar
XC439906.ogg,2,norcar
XC439907.ogg,2,norcar
XC439908.ogg,2,norcar
XC439909.ogg,2,norcar
XC439910.ogg,2,norcar
XC439911.ogg,2,norcar
XC439912.ogg,2,norcar
XC445757.ogg,2,norcar
XC445785.ogg,2,norcar
XC445800.ogg,2,norcar
XC446651.ogg,2,norcar
XC451804.ogg,2,norcar
XC452048.ogg,2,norcar
XC452136.ogg,2,norcar
XC452382.ogg,2,norcar
XC452383.ogg,2,norcar
XC452384.ogg,2,norcar
XC452610.ogg,2,norcar
XC456485.ogg,2,norcar
XC456486.ogg,2,norcar
XC456487.ogg,2,norcar
XC458039.ogg,2,norcar
XC458963.ogg,2,norcar
XC458964.ogg,2,norcar
XC459712.ogg,2,norcar
XC460604.ogg,2,norcar
XC460737.ogg,2,norcar
XC460738.ogg,2,norcar
XC460742.ogg,2,norcar
XC464085.ogg,2,norcar
XC464152.ogg,2,norcar
XC464764.ogg,2,norcar
XC465579.ogg,2,norcar
XC466147.ogg,2,norcar
XC466162.ogg,2,norcar
XC466178.ogg,2,norcar
XC466309.ogg,2,norcar
XC466418.ogg,2,norcar
XC466691.ogg,2,norcar
XC466692.ogg,2,norcar
XC466697.ogg,2,norcar
XC466698.ogg,2,norcar
XC467213.ogg,2,norcar
XC469588.ogg,2,norcar
XC470299.ogg,2,norcar
XC470301.ogg,2,norcar
XC474584.ogg,2,norcar
XC475020.ogg,2,norcar
XC475030.ogg,2,norcar
XC475880.ogg,2,norcar
XC475881.ogg,2,norcar
XC476938.ogg,2,norcar
XC483878.ogg,2,norcar
XC488448.ogg,2,norcar
XC488722.ogg,2,norcar
XC489169.ogg,2,norcar
XC489171.ogg,2,norcar
XC489367.ogg,2,norcar
XC491848.ogg,2,norcar
XC492055.ogg,2,norcar
XC493601.ogg,2,norcar
XC497103.ogg,2,norcar
XC497288.ogg,2,norcar
XC498891.ogg,2,norcar
XC498955.ogg,2,norcar
XC502040.ogg,2,norcar
XC502292.ogg,2,norcar
XC502293.ogg,2,norcar
XC502294.ogg,2,norcar
XC502295.ogg,2,norcar
XC502296.ogg,2,norcar
XC502297.ogg,2,norcar
XC502300.ogg,2,norcar
XC505088.ogg,2,norcar
XC511062.ogg,2,norcar
XC511118.ogg,2,norcar
XC511119.ogg,2,norcar
XC513887.ogg,2,norcar
XC523288.ogg,2,norcar
XC524244.ogg,2,norcar
XC527915.ogg,2,norcar
XC531775.ogg,2,norcar
XC534172.ogg,2,norcar
XC534176.ogg,2,norcar
XC534462.ogg,2,norcar
XC534465.ogg,2,norcar
XC534468.ogg,2,norcar
XC534471.ogg,2,norcar
XC534472.ogg,2,norcar
XC534473.ogg,2,norcar
XC534512.ogg,2,norcar
XC534513.ogg,2,norcar
XC534514.ogg,2,norcar
XC534849.ogg,2,norcar
XC537127.ogg,2,norcar
XC538221.ogg,2,norcar
XC54006.ogg,2,norcar
XC54007.ogg,2,norcar
XC54010.ogg,2,norcar
XC542090.ogg,2,norcar
XC542149.ogg,2,norcar
XC544966.ogg,2,norcar
XC546163.ogg,2,norcar
XC553312.ogg,2,norcar
XC553313.ogg,2,norcar
XC556192.ogg,2,norcar
XC559279.ogg,2,norcar
XC559475.ogg,2,norcar
XC559516.ogg,2,norcar
XC560427.ogg,2,norcar
XC563619.ogg,2,norcar
XC563620.ogg,2,norcar
XC563621.ogg,2,norcar
XC564311.ogg,2,norcar
XC564312.ogg,2,norcar
XC564313.ogg,2,norcar
XC564542.ogg,2,norcar
XC565435.ogg,2,norcar
XC565560.ogg,2,norcar
XC566135.ogg,2,norcar
XC566749.ogg,2,norcar
XC568803.ogg,2,norcar
XC568940.ogg,2,norcar
XC569289.ogg,2,norcar
XC570313.ogg,2,norcar
XC570315.ogg,2,norcar
XC570857.ogg,2,norcar
XC570951.ogg,2,norcar
XC571047.ogg,2,norcar
XC571320.ogg,2,norcar
XC572224.ogg,2,norcar
XC572225.ogg,2,norcar
XC573103.ogg,2,norcar
XC573481.ogg,2,norcar
XC57386.ogg,2,norcar
XC57387.ogg,2,norcar
XC574072.ogg,2,norcar
XC577573.ogg,2,norcar
XC577708.ogg,2,norcar
XC577719.ogg,2,norcar
XC577953.ogg,2,norcar
XC579855.ogg,2,norcar
XC579899.ogg,2,norcar
XC579900.ogg,2,norcar
XC579901.ogg,2,norcar
XC579902.ogg,2,norcar
XC579903.ogg,2,norcar
XC579904.ogg,2,norcar
XC579905.ogg,2,norcar
XC579906.ogg,2,norcar
XC580140.ogg,2,norcar
XC581358.ogg,2,norcar
XC581359.ogg,2,norcar
XC581759.ogg,2,norcar
XC582543.ogg,2,norcar
XC582874.ogg,2,norcar
XC583545.ogg,2,norcar
XC58464.ogg,2,norcar
XC587203.ogg,2,norcar
XC587445.ogg,2,norcar
XC590612.ogg,2,norcar
XC592258.ogg,2,norcar
XC592262.ogg,2,norcar
XC592503.ogg,2,norcar
XC59942.ogg,2,norcar
XC599825.ogg,2,norcar
XC601751.ogg,2,norcar
XC601752.ogg,2,norcar
XC606968.ogg,2,norcar
XC609232.ogg,2,norcar
XC616888.ogg,2,norcar
XC618938.ogg,2,norcar
XC618940.ogg,2,norcar
XC618942.ogg,2,norcar
XC618945.ogg,2,norcar
XC618946.ogg,2,norcar
XC618947.ogg,2,norcar
XC67166.ogg,2,norcar
XC67167.ogg,2,norcar
XC67168.ogg,2,norcar
XC77572.ogg,2,norcar
XC110116.ogg,1,redcro
XC110117.ogg,1,redcro
XC110118.ogg,1,redcro
XC110119.ogg,1,redcro
XC110120.ogg,1,redcro
XC110188.ogg,1,redcro
XC112489.ogg,1,redcro
XC113683.ogg,1,redcro
XC113900.ogg,1,redcro
XC113901.ogg,1,redcro
XC113903.ogg,1,redcro
XC113904.ogg,1,redcro
XC114345.ogg,1,redcro
XC115412.ogg,1,redcro
XC115413.ogg,1,redcro
XC115414.ogg,1,redcro
XC115415.ogg,1,redcro
XC115416.ogg,1,redcro
XC115417.ogg,1,redcro
XC115418.ogg,1,redcro
XC115421.ogg,1,redcro
XC115422.ogg,1,redcro
XC115945.ogg,1,redcro
XC123615.ogg,1,redcro
XC123616.ogg,1,redcro
XC123617.ogg,1,redcro
XC123618.ogg,1,redcro
XC124551.ogg,1,redcro
XC127779.ogg,1,redcro
XC130416.ogg,1,redcro
XC138303.ogg,1,redcro
XC139058.ogg,1,redcro
XC139367.ogg,1,redcro
XC139481.ogg,1,redcro
XC139641.ogg,1,redcro
XC139642.ogg,1,redcro
XC140216.ogg,1,redcro
XC141520.ogg,1,redcro
XC143212.ogg,1,redcro
XC143213.ogg,1,redcro
XC143214.ogg,1,redcro
XC145195.ogg,1,redcro
XC145233.ogg,1,redcro
XC146374.ogg,1,redcro
XC146375.ogg,1,redcro
XC148545.ogg,1,redcro
XC148546.ogg,1,redcro
XC148548.ogg,1,redcro
XC149116.ogg,1,redcro
XC152361.ogg,1,redcro
XC152412.ogg,1,redcro
XC152430.ogg,1,redcro
XC152465.ogg,1,redcro
XC152466.ogg,1,redcro
XC152507.ogg,1,redcro
XC152837.ogg,1,redcro
XC153287.ogg,1,redcro
XC153489.ogg,1,redcro
XC153716.ogg,1,redcro
XC153760.ogg,1,redcro
XC153767.ogg,1,redcro
XC153808.ogg,1,redcro
XC154556.ogg,1,redcro
XC154557.ogg,1,redcro
XC155257.ogg,1,redcro
XC155259.ogg,1,redcro
XC156437.ogg,1,redcro
XC156447.ogg,1,redcro
XC156964.ogg,1,redcro
XC157855.ogg,1,redcro
XC157859.ogg,1,redcro
XC158355.ogg,1,redcro
XC158434.ogg,1,redcro
XC158435.ogg,1,redcro
XC161761.ogg,1,redcro
XC163195.ogg,1,redcro
XC163545.ogg,1,redcro
XC163546.ogg,1,redcro
XC163550.ogg,1,redcro
XC164273.ogg,1,redcro
XC165004.ogg,1,redcro
XC165030.ogg,1,redcro
XC165031.ogg,1,redcro
XC165094.ogg,1,redcro
XC165152.ogg,1,redcro
XC165156.ogg,1,redcro
XC165157.ogg,1,redcro
XC165158.ogg,1,redcro
XC165168.ogg,1,redcro
XC165254.ogg,1,redcro
XC165335.ogg,1,redcro
XC165626.ogg,1,redcro
XC167983.ogg,1,redcro
XC167984.ogg,1,redcro
XC172800.ogg,1,redcro
XC175990.ogg,1,redcro
XC181111.ogg,1,redcro
XC181426.ogg,1,redcro
XC183756.ogg,1,redcro
XC184086.ogg,1,redcro
XC184087.ogg,1,redcro
XC184088.ogg,1,redcro
XC185596.ogg,1,redcro
XC186562.ogg,1,redcro
XC187485.ogg,1,redcro
XC187486.ogg,1,redcro
XC188777.ogg,1,redcro
XC188779.ogg,1,redcro
XC188780.ogg,1,redcro
XC188781.ogg,1,redcro
XC189254.ogg,1,redcro
XC189255.ogg,1,redcro
XC189256.ogg,1,redcro
XC189399.ogg,1,redcro
XC189685.ogg,1,redcro
XC189686.ogg,1,redcro
XC189688.ogg,1,redcro
XC190197.ogg,1,redcro
XC193939.ogg,1,redcro
XC196487.ogg,1,redcro
XC196977.ogg,1,redcro
XC197140.ogg,1,redcro
XC202025.ogg,1,redcro
XC202032.ogg,1,redcro
XC202033.ogg,1,redcro
XC202034.ogg,1,redcro
XC202036.ogg,1,redcro
XC202096.ogg,1,redcro
XC202253.ogg,1,redcro
XC202343.ogg,1,redcro
XC202347.ogg,1,redcro
XC202876.ogg,1,redcro
XC203268.ogg,1,redcro
XC208852.ogg,1,redcro
XC208883.ogg,1,redcro
XC208947.ogg,1,redcro
XC208948.ogg,1,redcro
XC209332.ogg,1,redcro
XC209604.ogg,1,redcro
XC210096.ogg,1,redcro
XC210122.ogg,1,redcro
XC210123.ogg,1,redcro
XC210288.ogg,1,redcro
XC210693.ogg,1,redcro
XC213656.ogg,1,redcro
XC213955.ogg,1,redcro
XC215228.ogg,1,redcro
XC216652.ogg,1,redcro
XC216655.ogg,1,redcro
XC217059.ogg,1,redcro
XC217251.ogg,1,redcro
XC217638.ogg,1,redcro
XC217639.ogg,1,redcro
XC217640.ogg,1,redcro
XC217661.ogg,1,redcro
XC217662.ogg,1,redcro
XC234657.ogg,1,redcro
XC234898.ogg,1,redcro
XC234924.ogg,1,redcro
XC239262.ogg,1,redcro
XC239586.ogg,1,redcro
XC239587.ogg,1,redcro
XC239588.ogg,1,redcro
XC239593.ogg,1,redcro
XC239594.ogg,1,redcro
XC239595.ogg,1,redcro
XC239597.ogg,1,redcro
XC242659.ogg,1,redcro
XC242660.ogg,1,redcro
XC242663.ogg,1,redcro
XC242664.ogg,1,redcro
XC246642.ogg,1,redcro
XC246984.ogg,1,redcro
XC247309.ogg,1,redcro
XC251979.ogg,1,redcro
XC251980.ogg,1,redcro
XC251985.ogg,1,redcro
XC252194.ogg,1,redcro
XC253336.ogg,1,redcro
XC253527.ogg,1,redcro
XC253530.ogg,1,redcro
XC253806.ogg,1,redcro
XC253957.ogg,1,redcro
XC254329.ogg,1,redcro
XC254481.ogg,1,redcro
XC254482.ogg,1,redcro
XC262736.ogg,1,redcro
XC263747.ogg,1,redcro
XC263755.ogg,1,redcro
XC27700.ogg,1,redcro
XC27701.ogg,1,redcro
XC278956.ogg,1,redcro
XC282321.ogg,1,redcro
XC282431.ogg,1,redcro
XC282683.ogg,1,redcro
XC289800.ogg,1,redcro
XC289802.ogg,1,redcro
XC289807.ogg,1,redcro
XC289811.ogg,1,redcro
XC290008.ogg,1,redcro
XC291322.ogg,1,redcro
XC291324.ogg,1,redcro
XC291327.ogg,1,redcro
XC293449.ogg,1,redcro
XC293964.ogg,1,redcro
XC297167.ogg,1,redcro
XC297685.ogg,1,redcro
XC297686.ogg,1,redcro
XC297687.ogg,1,redcro
XC301149.ogg,1,redcro
XC302198.ogg,1,redcro
XC302582.ogg,1,redcro
XC302839.ogg,1,redcro
XC304227.ogg,1,redcro
XC304229.ogg,1,redcro
XC304230.ogg,1,redcro
XC304406.ogg,1,redcro
XC306831.ogg,1,redcro
XC309999.ogg,1,redcro
XC310000.ogg,1,redcro
XC310002.ogg,1,redcro
XC310003.ogg,1,redcro
XC310004.ogg,1,redcro
XC310005.ogg,1,redcro
XC310711.ogg,1,redcro
XC312766.ogg,1,redcro
XC313503.ogg,1,redcro
XC313504.ogg,1,redcro
XC315119.ogg,1,redcro
XC321171.ogg,1,redcro
XC322420.ogg,1,redcro
XC325224.ogg,1,redcro
XC327483.ogg,1,redcro
XC331657.ogg,1,redcro
XC343875.ogg,1,redcro
XC343876.ogg,1,redcro
XC343877.ogg,1,redcro
XC343878.ogg,1,redcro
XC343880.ogg,1,redcro
XC343882.ogg,1,redcro
XC343883.ogg,1,redcro
XC344242.ogg,1,redcro
XC348948.ogg,1,redcro
XC348967.ogg,1,redcro
XC348968.ogg,1,redcro
XC348969.ogg,1,redcro
XC348970.ogg,1,redcro
XC350058.ogg,1,redcro
XC350463.ogg,1,redcro
XC350464.ogg,1,redcro
XC352815.ogg,1,redcro
XC352817.ogg,1,redcro
XC357783.ogg,1,redcro
XC358973.ogg,1,redcro
XC363341.ogg,1,redcro
XC364685.ogg,1,redcro
XC365803.ogg,1,redcro
XC375524.ogg,1,redcro
XC385298.ogg,1,redcro
XC385394.ogg,1,redcro
XC385716.ogg,1,redcro
XC388069.ogg,1,redcro
XC389277.ogg,1,redcro
XC390186.ogg,1,redcro
XC390188.ogg,1,redcro
XC390387.ogg,1,redcro
XC391127.ogg,1,redcro
XC391896.ogg,1,redcro
XC395145.ogg,1,redcro
XC395664.ogg,1,redcro
XC396261.ogg,1,redcro
XC396299.ogg,1,redcro
XC398295.ogg,1,redcro
XC398296.ogg,1,redcro
XC398297.ogg,1,redcro
XC398774.ogg,1,redcro
XC399055.ogg,1,redcro
XC399056.ogg,1,redcro
XC399057.ogg,1,redcro
XC399150.ogg,1,redcro
XC399164.ogg,1,redcro
XC399277.ogg,1,redcro
XC400080.ogg,1,redcro
XC410096.ogg,1,redcro
XC422512.ogg,1,redcro
XC422599.ogg,1,redcro
XC422607.ogg,1,redcro
XC422614.ogg,1,redcro
XC422616.ogg,1,redcro
XC422617.ogg,1,redcro
XC424157.ogg,1,redcro
XC425121.ogg,1,redcro
XC426112.ogg,1,redcro
XC440289.ogg,1,redcro
XC440468.ogg,1,redcro
XC440558.ogg,1,redcro
XC447664.ogg,1,redcro
XC448419.ogg,1,redcro
XC448421.ogg,1,redcro
XC448761.ogg,1,redcro
XC449109.ogg,1,redcro
XC453929.ogg,1,redcro
XC456583.ogg,1,redcro
XC463001.ogg,1,redcro
XC468232.ogg,1,redcro
XC469186.ogg,1,redcro
XC469860.ogg,1,redcro
XC470240.ogg,1,redcro
XC471618.ogg,1,redcro
XC471619.ogg,1,redcro
XC476721.ogg,1,redcro
XC486507.ogg,1,redcro
XC486508.ogg,1,redcro
XC486509.ogg,1,redcro
XC486510.ogg,1,redcro
XC486511.ogg,1,redcro
XC490826.ogg,1,redcro
XC495332.ogg,1,redcro
XC496923.ogg,1,redcro
XC496924.ogg,1,redcro
XC498019.ogg,1,redcro
XC498156.ogg,1,redcro
XC498157.ogg,1,redcro
XC499119.ogg,1,redcro
XC499269.ogg,1,redcro
XC508450.ogg,1,redcro
XC512148.ogg,1,redcro
XC512151.ogg,1,redcro
XC512152.ogg,1,redcro
XC512153.ogg,1,redcro
XC512154.ogg,1,redcro
XC513134.ogg,1,redcro
XC514800.ogg,1,redcro
XC514835.ogg,1,redcro
XC515351.ogg,1,redcro
XC515571.ogg,1,redcro
XC515978.ogg,1,redcro
XC515981.ogg,1,redcro
XC519520.ogg,1,redcro
XC519521.ogg,1,redcro
XC520026.ogg,1,redcro
XC521440.ogg,1,redcro
XC522274.ogg,1,redcro
XC522624.ogg,1,redcro
XC522634.ogg,1,redcro
XC522635.ogg,1,redcro
XC522636.ogg,1,redcro
XC522637.ogg,1,redcro
XC522638.ogg,1,redcro
XC522639.ogg,1,redcro
XC522642.ogg,1,redcro
XC522643.ogg,1,redcro
XC525262.ogg,1,redcro
XC528414.ogg,1,redcro
XC530719.ogg,1,redcro
XC531124.ogg,1,redcro
XC532117.ogg,1,redcro
XC533562.ogg,1,redcro
XC534105.ogg,1,redcro
XC535315.ogg,1,redcro
XC536374.ogg,1,redcro
XC536379.ogg,1,redcro
XC538824.ogg,1,redcro
XC539652.ogg,1,redcro
XC539658.ogg,1,redcro
XC549830.ogg,1,redcro
XC553841.ogg,1,redcro
XC554850.ogg,1,redcro
XC564128.ogg,1,redcro
XC564496.ogg,1,redcro
XC564500.ogg,1,redcro
XC565447.ogg,1,redcro
XC566722.ogg,1,redcro
XC569334.ogg,1,redcro
XC569336.ogg,1,redcro
XC569343.ogg,1,redcro
XC569344.ogg,1,redcro
XC569389.ogg,1,redcro
XC570119.ogg,1,redcro
XC572026.ogg,1,redcro
XC574883.ogg,1,redcro
XC576367.ogg,1,redcro
XC577384.ogg,1,redcro
XC577399.ogg,1,redcro
XC577404.ogg,1,redcro
XC577408.ogg,1,redcro
XC577413.ogg,1,redcro
XC577439.ogg,1,redcro
XC578853.ogg,1,redcro
XC578980.ogg,1,redcro
XC579031.ogg,1,redcro
XC579436.ogg,1,redcro
XC579769.ogg,1,redcro
XC580125.ogg,1,redcro
XC580592.ogg,1,redcro
XC580593.ogg,1,redcro
XC580695.ogg,1,redcro
XC583426.ogg,1,redcro
XC58618.ogg,1,redcro
XC58619.ogg,1,redcro
XC58620.ogg,1,redcro
XC591468.ogg,1,redcro
XC591469.ogg,1,redcro
XC591471.ogg,1,redcro
XC591472.ogg,1,redcro
XC591474.ogg,1,redcro
XC591479.ogg,1,redcro
XC593032.ogg,1,redcro
XC595377.ogg,1,redcro
XC597544.ogg,1,redcro
XC598468.ogg,1,redcro
XC599957.ogg,1,redcro
XC602260.ogg,1,redcro
XC602261.ogg,1,redcro
XC602264.ogg,1,redcro
XC602265.ogg,1,redcro
XC602268.ogg,1,redcro
XC602273.ogg,1,redcro
XC602275.ogg,1,redcro
XC602278.ogg,1,redcro
XC602279.ogg,1,redcro
XC602280.ogg,1,redcro
XC602288.ogg,1,redcro
XC602791.ogg,1,redcro
XC602897.ogg,1,redcro
XC605986.ogg,1,redcro
XC606379.ogg,1,redcro
XC606510.ogg,1,redcro
XC606930.ogg,1,redcro
XC606931.ogg,1,redcro
XC608959.ogg,1,redcro
XC608960.ogg,1,redcro
XC608968.ogg,1,redcro
XC609168.ogg,1,redcro
XC609234.ogg,1,redcro
XC609235.ogg,1,redcro
XC609386.ogg,1,redcro
XC610231.ogg,1,redcro
XC611624.ogg,1,redcro
XC611625.ogg,1,redcro
XC611696.ogg,1,redcro
XC611697.ogg,1,redcro
XC611698.ogg,1,redcro
XC611699.ogg,1,redcro
XC611700.ogg,1,redcro
XC611701.ogg,1,redcro
XC611702.ogg,1,redcro
XC611703.ogg,1,redcro
XC611706.ogg,1,redcro
XC611709.ogg,1,redcro
XC611711.ogg,1,redcro
XC611718.ogg,1,redcro
XC611899.ogg,1,redcro
XC611900.ogg,1,redcro
XC611902.ogg,1,redcro
XC611903.ogg,1,redcro
XC611922.ogg,1,redcro
XC611923.ogg,1,redcro
XC612249.ogg,1,redcro
XC612250.ogg,1,redcro
XC612252.ogg,1,redcro
XC612461.ogg,1,redcro
XC612467.ogg,1,redcro
XC612469.ogg,1,redcro
XC612472.ogg,1,redcro
XC612483.ogg,1,redcro
XC612494.ogg,1,redcro
XC612495.ogg,1,redcro
XC612496.ogg,1,redcro
XC612498.ogg,1,redcro
XC612499.ogg,1,redcro
XC612500.ogg,1,redcro
XC612502.ogg,1,redcro
XC612503.ogg,1,redcro
XC612519.ogg,1,redcro
XC612520.ogg,1,redcro
XC612521.ogg,1,redcro
XC612522.ogg,1,redcro
XC612525.ogg,1,redcro
XC612527.ogg,1,redcro
XC612529.ogg,1,redcro
XC613099.ogg,1,redcro
XC614114.ogg,1,redcro
XC614497.ogg,1,redcro
XC614499.ogg,1,redcro
XC614500.ogg,1,redcro
XC615671.ogg,1,redcro
XC617134.ogg,1,redcro
XC64752.ogg,1,redcro
XC64753.ogg,1,redcro
XC70308.ogg,1,redcro
XC109669.ogg,0,sonspa
XC121279.ogg,0,sonspa
XC121280.ogg,0,sonspa
XC121281.ogg,0,sonspa
XC121282.ogg,0,sonspa
XC122629.ogg,0,sonspa
XC125261.ogg,0,sonspa
XC125463.ogg,0,sonspa
XC125704.ogg,0,sonspa
XC125706.ogg,0,sonspa
XC125708.ogg,0,sonspa
XC125710.ogg,0,sonspa
XC125712.ogg,0,sonspa
XC125714.ogg,0,sonspa
XC125717.ogg,0,sonspa
XC125718.ogg,0,sonspa
XC125719.ogg,0,sonspa
XC125721.ogg,0,sonspa
XC125723.ogg,0,sonspa
XC128238.ogg,0,sonspa
XC128254.ogg,0,sonspa
XC128904.ogg,0,sonspa
XC129258.ogg,0,sonspa
XC129646.ogg,0,sonspa
XC130247.ogg,0,sonspa
XC131959.ogg,0,sonspa
XC131960.ogg,0,sonspa
XC132874.ogg,0,sonspa
XC133568.ogg,0,sonspa
XC134020.ogg,0,sonspa
XC134164.ogg,0,sonspa
XC134180.ogg,0,sonspa
XC137603.ogg,0,sonspa
XC138335.ogg,0,sonspa
XC138336.ogg,0,sonspa
XC138337.ogg,0,sonspa
XC138338.ogg,0,sonspa
XC139825.ogg,0,sonspa
XC139911.ogg,0,sonspa
XC140242.ogg,0,sonspa
XC140757.ogg,0,sonspa
XC141895.ogg,0,sonspa
XC142117.ogg,0,sonspa
XC142619.ogg,0,sonspa
XC142620.ogg,0,sonspa
XC142621.ogg,0,sonspa
XC142716.ogg,0,sonspa
XC143923.ogg,0,sonspa
XC143924.ogg,0,sonspa
XC144116.ogg,0,sonspa
XC144661.ogg,0,sonspa
XC147920.ogg,0,sonspa
XC147921.ogg,0,sonspa
XC149407.ogg,0,sonspa
XC149408.ogg,0,sonspa
XC149410.ogg,0,sonspa
XC149412.ogg,0,sonspa
XC149417.ogg,0,sonspa
XC149419.ogg,0,sonspa
XC149420.ogg,0,sonspa
XC152505.ogg,0,sonspa
XC153555.ogg,0,sonspa
XC155231.ogg,0,sonspa
XC155232.ogg,0,sonspa
XC155233.ogg,0,sonspa
XC155234.ogg,0,sonspa
XC155235.ogg,0,sonspa
XC155236.ogg,0,sonspa
XC155237.ogg,0,sonspa
XC156283.ogg,0,sonspa
XC157591.ogg,0,sonspa
XC163211.ogg,0,sonspa
XC163634.ogg,0,sonspa
XC163648.ogg,0,sonspa
XC163649.ogg,0,sonspa
XC163650.ogg,0,sonspa
XC163651.ogg,0,sonspa
XC165235.ogg,0,sonspa
XC165236.ogg,0,sonspa
XC175509.ogg,0,sonspa
XC178120.ogg,0,sonspa
XC178122.ogg,0,sonspa
XC179182.ogg,0,sonspa
XC179640.ogg,0,sonspa
XC179969.ogg,0,sonspa
XC181738.ogg,0,sonspa
XC182170.ogg,0,sonspa
XC183355.ogg,0,sonspa
XC184631.ogg,0,sonspa
XC184980.ogg,0,sonspa
XC185279.ogg,0,sonspa
XC185605.ogg,0,sonspa
XC188370.ogg,0,sonspa
XC189286.ogg,0,sonspa
XC191346.ogg,0,sonspa
XC191348.ogg,0,sonspa
XC191448.ogg,0,sonspa
XC192171.ogg,0,sonspa
XC192182.ogg,0,sonspa
XC193141.ogg,0,sonspa
XC193144.ogg,0,sonspa
XC193145.ogg,0,sonspa
XC193953.ogg,0,sonspa
XC193954.ogg,0,sonspa
XC195046.ogg,0,sonspa
XC196038.ogg,0,sonspa
XC201405.ogg,0,sonspa
XC201421.ogg,0,sonspa
XC202204.ogg,0,sonspa
XC205806.ogg,0,sonspa
XC205810.ogg,0,sonspa
XC206688.ogg,0,sonspa
XC210946.ogg,0,sonspa
XC211453.ogg,0,sonspa
XC211454.ogg,0,sonspa
XC215342.ogg,0,sonspa
XC215344.ogg,0,sonspa
XC232635.ogg,0,sonspa
XC235955.ogg,0,sonspa
XC237518.ogg,0,sonspa
XC246812.ogg,0,sonspa
XC249307.ogg,0,sonspa
XC253352.ogg,0,sonspa
XC253526.ogg,0,sonspa
XC253702.ogg,0,sonspa
XC277033.ogg,0,sonspa
XC282512.ogg,0,sonspa
XC282625.ogg,0,sonspa
XC286977.ogg,0,sonspa
XC286980.ogg,0,sonspa
XC287881.ogg,0,sonspa
XC287998.ogg,0,sonspa
XC288000.ogg,0,sonspa
XC288002.ogg,0,sonspa
XC288255.ogg,0,sonspa
XC289006.ogg,0,sonspa
XC289015.ogg,0,sonspa
XC289225.ogg,0,sonspa
XC290096.ogg,0,sonspa
XC290132.ogg,0,sonspa
XC290138.ogg,0,sonspa
XC290140.ogg,0,sonspa
XC293818.ogg,0,sonspa
XC294781.ogg,0,sonspa
XC295945.ogg,0,sonspa
XC297670.ogg,0,sonspa
XC298454.ogg,0,sonspa
XC301678.ogg,0,sonspa
XC301851.ogg,0,sonspa
XC302550.ogg,0,sonspa
XC306140.ogg,0,sonspa
XC306141.ogg,0,sonspa
XC306748.ogg,0,sonspa
XC306941.ogg,0,sonspa
XC307230.ogg,0,sonspa
XC307660.ogg,0,sonspa
XC309650.ogg,0,sonspa
XC310049.ogg,0,sonspa
XC31091.ogg,0,sonspa
XC310927.ogg,0,sonspa
XC311716.ogg,0,sonspa
XC31272.ogg,0,sonspa
XC312736.ogg,0,sonspa
XC31274.ogg,0,sonspa
XC315071.ogg,0,sonspa
XC317085.ogg,0,sonspa
XC318892.ogg,0,sonspa
XC319719.ogg,0,sonspa
XC320469.ogg,0,sonspa
XC320719.ogg,0,sonspa
XC321340.ogg,0,sonspa
XC321882.ogg,0,sonspa
XC322688.ogg,0,sonspa
XC322692.ogg,0,sonspa
XC322698.ogg,0,sonspa
XC322699.ogg,0,sonspa
XC325280.ogg,0,sonspa
XC325340.ogg,0,sonspa
XC325342.ogg,0,sonspa
XC325378.ogg,0,sonspa
XC325702.ogg,0,sonspa
XC325927.ogg,0,sonspa
XC325932.ogg,0,sonspa
XC327795.ogg,0,sonspa
XC327922.ogg,0,sonspa
XC328277.ogg,0,sonspa
XC328665.ogg,0,sonspa
XC329532.ogg,0,sonspa
XC330068.ogg,0,sonspa
XC330445.ogg,0,sonspa
XC331562.ogg,0,sonspa
XC331563.ogg,0,sonspa
XC332641.ogg,0,sonspa
XC333536.ogg,0,sonspa
XC333640.ogg,0,sonspa
XC334610.ogg,0,sonspa
XC336819.ogg,0,sonspa
XC339643.ogg,0,sonspa
XC339659.ogg,0,sonspa
XC348978.ogg,0,sonspa
XC349554.ogg,0,sonspa
XC349555.ogg,0,sonspa
XC355001.ogg,0,sonspa
XC355002.ogg,0,sonspa
XC355003.ogg,0,sonspa
XC355004.ogg,0,sonspa
XC355005.ogg,0,sonspa
XC356714.ogg,0,sonspa
XC357989.ogg,0,sonspa
XC358837.ogg,0,sonspa
XC362469.ogg,0,sonspa
XC362470.ogg,0,sonspa
XC363213.ogg,0,sonspa
XC363608.ogg,0,sonspa
XC363609.ogg,0,sonspa
XC364400.ogg,0,sonspa
XC364403.ogg,0,sonspa
XC364415.ogg,0,sonspa
XC366392.ogg,0,sonspa
XC366393.ogg,0,sonspa
XC366394.ogg,0,sonspa
XC366396.ogg,0,sonspa
XC366606.ogg,0,sonspa
XC366748.ogg,0,sonspa
XC368065.ogg,0,sonspa
XC369683.ogg,0,sonspa
XC373505.ogg,0,sonspa
XC374048.ogg,0,sonspa
XC375515.ogg,0,sonspa
XC375516.ogg,0,sonspa
XC375662.ogg,0,sonspa
XC375748.ogg,0,sonspa
XC375750.ogg,0,sonspa
XC376028.ogg,0,sonspa
XC379143.ogg,0,sonspa
XC381508.ogg,0,sonspa
XC381568.ogg,0,sonspa
XC381570.ogg,0,sonspa
XC382858.ogg,0,sonspa
XC382881.ogg,0,sonspa
XC383481.ogg,0,sonspa
XC383940.ogg,0,sonspa
XC383971.ogg,0,sonspa
XC384033.ogg,0,sonspa
XC386586.ogg,0,sonspa
XC388586.ogg,0,sonspa
XC388772.ogg,0,sonspa
XC388773.ogg,0,sonspa
XC390281.ogg,0,sonspa
XC393303.ogg,0,sonspa
XC393854.ogg,0,sonspa
XC393994.ogg,0,sonspa
XC393996.ogg,0,sonspa
XC394760.ogg,0,sonspa
XC407930.ogg,0,sonspa
XC413798.ogg,0,sonspa
XC413799.ogg,0,sonspa
XC415426.ogg,0,sonspa
XC417352.ogg,0,sonspa
XC418071.ogg,0,sonspa
XC420381.ogg,0,sonspa
XC420819.ogg,0,sonspa
XC420846.ogg,0,sonspa
XC421266.ogg,0,sonspa
XC421296.ogg,0,sonspa
XC422841.ogg,0,sonspa
XC423504.ogg,0,sonspa
XC425786.ogg,0,sonspa
XC425799.ogg,0,sonspa
XC428329.ogg,0,sonspa
XC428717.ogg,0,sonspa
XC429249.ogg,0,sonspa
XC429250.ogg,0,sonspa
XC429251.ogg,0,sonspa
XC433075.ogg,0,sonspa
XC433807.ogg,0,sonspa
XC434169.ogg,0,sonspa
XC434349.ogg,0,sonspa
XC445424.ogg,0,sonspa
XC445425.ogg,0,sonspa
XC446663.ogg,0,sonspa
XC448755.ogg,0,sonspa
XC448960.ogg,0,sonspa
XC448961.ogg,0,sonspa
XC449270.ogg,0,sonspa
XC452114.ogg,0,sonspa
XC452115.ogg,0,sonspa
XC452162.ogg,0,sonspa
XC459059.ogg,0,sonspa
XC460826.ogg,0,sonspa
XC460827.ogg,0,sonspa
XC461612.ogg,0,sonspa
XC462123.ogg,0,sonspa
XC462899.ogg,0,sonspa
XC464086.ogg,0,sonspa
XC464836.ogg,0,sonspa
XC464859.ogg,0,sonspa
XC466633.ogg,0,sonspa
XC466717.ogg,0,sonspa
XC467022.ogg,0,sonspa
XC469658.ogg,0,sonspa
XC469877.ogg,0,sonspa
XC473371.ogg,0,sonspa
XC473423.ogg,0,sonspa
XC473424.ogg,0,sonspa
XC473434.ogg,0,sonspa
XC477042.ogg,0,sonspa
XC477785.ogg,0,sonspa
XC478217.ogg,0,sonspa
XC479950.ogg,0,sonspa
XC480032.ogg,0,sonspa
XC480068.ogg,0,sonspa
XC480223.ogg,0,sonspa
XC480224.ogg,0,sonspa
XC481115.ogg,0,sonspa
XC481865.ogg,0,sonspa
XC482521.ogg,0,sonspa
XC482639.ogg,0,sonspa
XC483220.ogg,0,sonspa
XC483621.ogg,0,sonspa
XC483881.ogg,0,sonspa
XC483884.ogg,0,sonspa
XC483978.ogg,0,sonspa
XC484162.ogg,0,sonspa
XC484165.ogg,0,sonspa
XC484797.ogg,0,sonspa
XC486572.ogg,0,sonspa
XC488152.ogg,0,sonspa
XC488248.ogg,0,sonspa
XC488441.ogg,0,sonspa
XC488445.ogg,0,sonspa
XC488447.ogg,0,sonspa
XC490351.ogg,0,sonspa
XC490353.ogg,0,sonspa
XC490927.ogg,0,sonspa
XC493108.ogg,0,sonspa
XC493448.ogg,0,sonspa
XC497164.ogg,0,sonspa
XC497165.ogg,0,sonspa
XC497428.ogg,0,sonspa
XC500668.ogg,0,sonspa
XC500924.ogg,0,sonspa
XC507777.ogg,0,sonspa
XC508468.ogg,0,sonspa
XC509731.ogg,0,sonspa
XC511528.ogg,0,sonspa
XC523645.ogg,0,sonspa
XC523646.ogg,0,sonspa
XC524542.ogg,0,sonspa
XC524557.ogg,0,sonspa
XC524559.ogg,0,sonspa
XC531197.ogg,0,sonspa
XC531548.ogg,0,sonspa
XC533413.ogg,0,sonspa
XC541150.ogg,0,sonspa
XC543840.ogg,0,sonspa
XC54422.ogg,0,sonspa
XC544296.ogg,0,sonspa
XC544318.ogg,0,sonspa
XC544320.ogg,0,sonspa
XC548220.ogg,0,sonspa
XC548591.ogg,0,sonspa
XC549591.ogg,0,sonspa
XC549598.ogg,0,sonspa
XC551290.ogg,0,sonspa
XC554248.ogg,0,sonspa
XC555054.ogg,0,sonspa
XC555062.ogg,0,sonspa
XC555063.ogg,0,sonspa
XC555832.ogg,0,sonspa
XC555834.ogg,0,sonspa
XC555836.ogg,0,sonspa
XC555837.ogg,0,sonspa
XC556402.ogg,0,sonspa
XC556403.ogg,0,sonspa
XC556404.ogg,0,sonspa
XC556405.ogg,0,sonspa
XC556904.ogg,0,sonspa
XC557836.ogg,0,sonspa
XC558357.ogg,0,sonspa
XC559479.ogg,0,sonspa
XC559521.ogg,0,sonspa
XC559523.ogg,0,sonspa
XC560024.ogg,0,sonspa
XC561356.ogg,0,sonspa
XC562168.ogg,0,sonspa
XC564939.ogg,0,sonspa
XC565240.ogg,0,sonspa
XC565242.ogg,0,sonspa
XC565508.ogg,0,sonspa
XC565794.ogg,0,sonspa
XC566606.ogg,0,sonspa
XC569602.ogg,0,sonspa
XC569603.ogg,0,sonspa
XC569830.ogg,0,sonspa
XC569831.ogg,0,sonspa
XC570224.ogg,0,sonspa
XC570565.ogg,0,sonspa
XC570789.ogg,0,sonspa
XC572852.ogg,0,sonspa
XC572964.ogg,0,sonspa
XC573145.ogg,0,sonspa
XC574080.ogg,0,sonspa
XC574498.ogg,0,sonspa
XC574499.ogg,0,sonspa
XC575025.ogg,0,sonspa
XC575028.ogg,0,sonspa
XC575029.ogg,0,sonspa
XC575030.ogg,0,sonspa
XC575033.ogg,0,sonspa
XC575035.ogg,0,sonspa
XC575041.ogg,0,sonspa
XC575671.ogg,0,sonspa
XC576141.ogg,0,sonspa
XC576142.ogg,0,sonspa
XC576143.ogg,0,sonspa
XC576181.ogg,0,sonspa
XC576204.ogg,0,sonspa
XC576206.ogg,0,sonspa
XC576243.ogg,0,sonspa
XC578119.ogg,0,sonspa
XC578294.ogg,0,sonspa
XC580552.ogg,0,sonspa
XC582148.ogg,0,sonspa
XC582152.ogg,0,sonspa
XC582154.ogg,0,sonspa
XC582243.ogg,0,sonspa
XC582701.ogg,0,sonspa
XC582723.ogg,0,sonspa
XC582731.ogg,0,sonspa
XC583977.ogg,0,sonspa
XC583978.ogg,0,sonspa
XC585148.ogg,0,sonspa
XC585149.ogg,0,sonspa
XC587178.ogg,0,sonspa
XC589294.ogg,0,sonspa
XC591818.ogg,0,sonspa
XC591827.ogg,0,sonspa
XC598439.ogg,0,sonspa
XC599851.ogg,0,sonspa
XC599855.ogg,0,sonspa
XC599856.ogg,0,sonspa
XC600176.ogg,0,sonspa
XC602561.ogg,0,sonspa
XC602562.ogg,0,sonspa
XC602563.ogg,0,sonspa
XC602564.ogg,0,sonspa
XC602565.ogg,0,sonspa
XC607834.ogg,0,sonspa
XC608838.ogg,0,sonspa
XC611076.ogg,0,sonspa
XC611830.ogg,0,sonspa
XC613797.ogg,0,sonspa
XC613893.ogg,0,sonspa
XC617990.ogg,0,sonspa
XC618132.ogg,0,sonspa
XC618133.ogg,0,sonspa
XC618134.ogg,0,sonspa
XC618135.ogg,0,sonspa
XC618136.ogg,0,sonspa
XC62782.ogg,0,sonspa
XC78059.ogg,0,sonspa
XC78060.ogg,0,sonspa
XC80524.ogg,0,sonspa
